host_id,target_id,output,tested_points,valid_points,valid_fraction,rmse,mae_scalar,aepe
10,11,active,1572,1572,1.0,0.25167163247190727,0.16251025569114783,0.1625102556911478
10,11,active_nonfinal,1572,1572,1.0,0.25167163247190727,0.16251025569114783,0.1625102556911478
10,11,all,6674,6674,1.0,0.3414647057359913,0.16631578128872254,0.16631578128872238
10,11,all_final,763,763,1.0,0.26816151881117994,0.1655799298476484,0.16557992984764838
10,11,all_nonfinal,5911,5911,1.0,0.34980919795168863,0.16641076600358276,0.16641076600358262
10,11,immature,4055,4055,1.0,0.3585482693527382,0.16151348041708272,0.1615134804170826
10,11,immature_final,315,315,1.0,0.20952702324734493,0.16671266338312687,0.16671266338312693
10,11,immature_nonfinal,3740,3740,1.0,0.3683570538671964,0.16107558131700137,0.16107558131700128
10,11,marginalized,889,889,1.0,0.24367722857649504,0.15455969437000008,0.15455969436999994
10,11,marginalized_final,409,409,1.0,0.23164262582901615,0.14755223089664793,0.14755223089664793
10,11,marginalized_nonfinal,480,480,1.0,0.2534812651269076,0.1605306372045854,0.16053063720458532
10,11,outlier,158,158,1.0,0.8133462852216331,0.393573867014217,0.393573867014217
10,11,outlier_final,39,39,1.0,0.6996802400059945,0.34549064285491415,0.3454906428549142
10,11,outlier_nonfinal,119,119,1.0,0.8472870164350327,0.40933223459583723,0.40933223459583723
13,14,active,2020,2020,1.0,0.1375137606092492,0.07840243949802346,0.07840243949802343
13,14,active_nonfinal,2020,2020,1.0,0.1375137606092492,0.07840243949802346,0.07840243949802343
13,14,all,14398,14398,1.0,0.25348008356223484,0.08388119633411102,0.08388119633411098
13,14,all_final,531,531,1.0,0.18046919740406675,0.08690468835000459,0.08690468835000455
13,14,all_nonfinal,13867,13867,1.0,0.2558620137361904,0.08376541972342101,0.08376541972342097
13,14,immature,9782,9782,1.0,0.2706749949547516,0.07723261946524061,0.07723261946524054
13,14,immature_final,69,69,1.0,0.07715896785991534,0.054048028080433325,0.054048028080433366
13,14,immature_nonfinal,9713,9713,1.0,0.2715568548698484,0.07739732005265455,0.07739732005265448
13,14,marginalized,1952,1952,1.0,0.17592531722601412,0.09360361503454001,0.09360361503454019
13,14,marginalized_final,382,382,1.0,0.14527642997560908,0.07982818157519302,0.07982818157519304
13,14,marginalized_nonfinal,1570,1570,1.0,0.18260612646238888,0.09695534470426666,0.09695534470426681
13,14,outlier,644,644,1.0,0.41293640347615346,0.17258508831695543,0.1725850883169553
13,14,outlier_final,80,80,1.0,0.3320620166957789,0.14903387768223472,0.1490338776822347
13,14,outlier_nonfinal,564,564,1.0,0.4231580740571509,0.17592568557010738,0.1759256855701072
16,17,active,342,342,1.0,0.24067121278370462,0.19367482257878388,0.1936748225787838
16,17,active_nonfinal,342,342,1.0,0.24067121278370462,0.19367482257878388,0.1936748225787838
16,17,all,5331,5331,1.0,0.3252785456207178,0.13756343849062969,0.13756343849062966
16,17,all_final,691,691,1.0,0.19360725390220077,0.12893355465299636,0.12893355465299638
16,17,all_nonfinal,4640,4640,1.0,0.34055963284902097,0.13884862162248404,0.138848621622484
16,17,immature,4671,4671,1.0,0.33528625722407696,0.13063551349805955,0.13063551349805957
16,17,immature_final,549,549,1.0,0.17761203394731448,0.11595038102279921,0.11595038102279928
16,17,immature_nonfinal,4122,4122,1.0,0.35098131191703447,0.13259139358755914,0.1325913935875592
16,17,marginalized,268,268,1.0,0.223658422716342,0.17462087104357268,0.17462087104357268
16,17,marginalized_final,126,126,1.0,0.21833141201428408,0.17110031889286664,0.17110031889286667
16,17,marginalized_nonfinal,142,142,1.0,0.22828114375613903,0.17774474126180498,0.17774474126180495
16,17,outlier,50,50,1.0,0.3387489541069695,0.20234048564978313,0.20234048564978305
16,17,outlier_final,16,16,1.0,0.40126884139016616,0.2423554314501589,0.24235543145015884
16,17,outlier_nonfinal,34,34,1.0,0.30492408728859366,0.18350992292019458,0.18350992292019447
20,21,active,216,216,1.0,0.3482285747889264,0.25993052623255336,0.2599305262325534
20,21,active_nonfinal,216,216,1.0,0.3482285747889264,0.25993052623255336,0.2599305262325534
20,21,all,5172,5172,1.0,0.33387776917136475,0.17442190289341086,0.17442190289341092
20,21,all_final,626,626,1.0,0.2542861738883301,0.1914494668164067,0.1914494668164067
20,21,all_nonfinal,4546,4546,1.0,0.34339578430180223,0.17207714816050415,0.1720771481605042
20,21,immature,4716,4716,1.0,0.33482948898147846,0.1678298966583236,0.16782989665832357
20,21,immature_final,519,519,1.0,0.24048457761009204,0.18207820512068137,0.18207820512068137
20,21,immature_nonfinal,4197,4197,1.0,0.34470681073791287,0.16606795429664578,0.16606795429664575
20,21,marginalized,160,160,1.0,0.32034399596168445,0.22888191535018598,0.22888191535018607
20,21,marginalized_final,78,78,1.0,0.32391405133664253,0.23221054139480024,0.23221054139480024
20,21,marginalized_nonfinal,82,82,1.0,0.31691076940719254,0.22571566130774828,0.22571566130774837
20,21,outlier,80,80,1.0,0.2554129501568236,0.2232273625225499,0.22322736252254982
20,21,outlier_final,29,29,1.0,0.28033530551643815,0.24952950140146585,0.24952950140146585
20,21,outlier_nonfinal,51,51,1.0,0.24009039909323196,0.20827124433649963,0.20827124433649957
26,27,active,1592,1592,1.0,0.11532129093071103,0.09673312656341496,0.096733126563415
26,27,active_nonfinal,1592,1592,1.0,0.11532129093071103,0.09673312656341496,0.096733126563415
26,27,all,17628,17628,1.0,0.11112094242455256,0.08279120636679332,0.08279120636679335
26,27,all_final,400,400,1.0,0.12094667098609307,0.09372793765425422,0.09372793765425427
26,27,all_nonfinal,17228,17228,1.0,0.11088246636682095,0.0825372771518535,0.08253727715185352
26,27,immature,9791,9791,1.0,0.10158825600474987,0.07293882467293564,0.07293882467293565
26,27,immature_nonfinal,9791,9791,1.0,0.10158825600474987,0.07293882467293564,0.07293882467293565
26,27,marginalized,4621,4621,1.0,0.10378915978007355,0.08340307936667435,0.0834030793666744
26,27,marginalized_final,316,316,1.0,0.10420957861404034,0.08516932930029116,0.08516932930029121
26,27,marginalized_nonfinal,4305,4305,1.0,0.10375823265792901,0.08327343128792337,0.08327343128792344
26,27,outlier,1624,1624,1.0,0.16770147398232535,0.12678238067657638,0.12678238067657632
26,27,outlier_final,84,84,1.0,0.1697194402737413,0.125924607176306,0.125924607176306
26,27,outlier_nonfinal,1540,1540,1.0,0.16759070426480252,0.12682916832204574,0.12682916832204566
35,36,active,166,166,1.0,0.2713607252695408,0.22148379556439216,0.22148379556439224
35,36,active_nonfinal,166,166,1.0,0.2713607252695408,0.22148379556439216,0.22148379556439224
35,36,all,3812,3812,1.0,0.3717649177778983,0.16379871644059127,0.1637987164405912
35,36,all_final,643,643,1.0,0.25465489851299766,0.15982205104110403,0.15982205104110409
35,36,all_nonfinal,3169,3169,1.0,0.3912724558738006,0.16460559427330496,0.16460559427330496
35,36,immature,3380,3380,1.0,0.3838049337901149,0.15780664847205997,0.15780664847205994
35,36,immature_final,511,511,1.0,0.25574359552983417,0.14861745592664113,0.1486174559266411
35,36,immature_nonfinal,2869,2869,1.0,0.4023602385622016,0.15944334327537413,0.15944334327537413
35,36,marginalized,234,234,1.0,0.25154056967551025,0.20081710994599275,0.20081710994599267
35,36,marginalized_final,117,117,1.0,0.2515405696755103,0.20081710994599267,0.2008171099459926
35,36,marginalized_nonfinal,117,117,1.0,0.2515405696755103,0.20081710994599267,0.2008171099459926
35,36,outlier,32,32,1.0,0.24550729747931585,0.2267725451537627,0.22677254515376258
35,36,outlier_final,15,15,1.0,0.2412792930013662,0.22176379848234024,0.2217637984823401
35,36,outlier_nonfinal,17,17,1.0,0.2491783204183332,0.23119202751090015,0.23119202751090007
38,39,active,342,342,1.0,0.21967301685459084,0.11040780213021488,0.11040780213021488
38,39,active_nonfinal,342,342,1.0,0.21967301685459084,0.11040780213021488,0.11040780213021488
38,39,all,4908,4908,1.0,0.2800493706922628,0.0999478096307956,0.09994780963079569
38,39,all_final,596,596,1.0,0.27682064574849924,0.09849641035777482,0.09849641035777487
38,39,all_nonfinal,4312,4312,1.0,0.2804927180900382,0.10014842047650997,0.10014842047651006
38,39,immature,4103,4103,1.0,0.2837694875167965,0.09843122823375232,0.09843122823375229
38,39,immature_final,380,380,1.0,0.26653782405911997,0.09375655101266686,0.0937565510126668
38,39,immature_nonfinal,3723,3723,1.0,0.28546979780550463,0.09890836423805331,0.09890836423805326
38,39,marginalized,374,374,1.0,0.19102961531920157,0.09023586413607242,0.09023586413607246
38,39,marginalized_final,180,180,1.0,0.1920333070238531,0.08998312414273722,0.0899831241427373
38,39,marginalized_nonfinal,194,194,1.0,0.1900936154108478,0.09047036516081641,0.09047036516081644
38,39,outlier,89,89,1.0,0.5233489073867985,0.17048133381387723,0.17048133381387737
38,39,outlier_final,36,36,1.0,0.5782479393766748,0.19109469007576985,0.19109469007576999
38,39,outlier_nonfinal,53,53,1.0,0.4825097234457093,0.15647980880579923,0.15647980880579934
41,42,active,414,414,1.0,0.45685134377763303,0.1345205550286494,0.13452055502864946
41,42,active_nonfinal,414,414,1.0,0.45685134377763303,0.1345205550286494,0.13452055502864946
41,42,all,4948,4948,1.0,0.46863132640325944,0.12871776027067827,0.12871776027067816
41,42,all_final,620,620,1.0,0.3547045707936998,0.10893102265189578,0.10893102265189578
41,42,all_nonfinal,4328,4328,1.0,0.4827550846151554,0.1315522744397274,0.1315522744397273
41,42,immature,3917,3917,1.0,0.47973869816626524,0.12906232634513998,0.12906232634514
41,42,immature_final,321,321,1.0,0.30036577348366494,0.09610643952599426,0.09610643952599429
41,42,immature_nonfinal,3596,3596,1.0,0.49258517555543463,0.13200416162571446,0.1320041616257145
41,42,marginalized,515,515,1.0,0.29269581269221223,0.09904720212956952,0.09904720212956955
41,42,marginalized_final,252,252,1.0,0.2938290482171133,0.09787429067198612,0.09787429067198614
41,42,marginalized_nonfinal,263,263,1.0,0.29160584335483847,0.10017105645394603,0.10017105645394607
41,42,outlier,102,102,1.0,0.7318683360751195,0.2417404573216913,0.24174045732169144
41,42,outlier_final,47,47,1.0,0.761974853597296,0.25580310014873947,0.2558031001487396
41,42,outlier_nonfinal,55,55,1.0,0.7051230945335066,0.22972328981494106,0.22972328981494114
43,44,active,423,423,1.0,0.7343641182884282,0.17382117611569914,0.17382117611569922
43,44,active_nonfinal,423,423,1.0,0.7343641182884282,0.17382117611569914,0.17382117611569922
43,44,all,4873,4873,1.0,0.5666699827059112,0.1404708226898659,0.14047082268986608
43,44,all_final,609,609,1.0,0.3804837322423792,0.0982787765536936,0.09827877655369363
43,44,all_nonfinal,4264,4264,1.0,0.5884737798166869,0.14649684428858276,0.1464968442885829
43,44,immature,3711,3711,1.0,0.5602506758967979,0.13930458543310303,0.13930458543310306
43,44,immature_final,259,259,1.0,0.11017065353298715,0.057597081239304654,0.05759708123930463
43,44,immature_nonfinal,3452,3452,1.0,0.5801037014856028,0.14543501520894112,0.14543501520894117
43,44,marginalized,613,613,1.0,0.20837422960378368,0.09819613423862329,0.09819613423862335
43,44,marginalized_final,298,298,1.0,0.21093905694746964,0.09932481962848827,0.09932481962848833
43,44,marginalized_nonfinal,315,315,1.0,0.2059184168843258,0.09712836202852858,0.09712836202852865
43,44,outlier,126,126,1.0,1.0736554450064881,0.26852710031949656,0.26852710031949667
43,44,outlier_final,52,52,1.0,1.1747373405428787,0.2949102813640389,0.29491028136403896
43,44,outlier_nonfinal,74,74,1.0,0.9965096603644978,0.249987567693602,0.2499875676936021
45,46,active,1728,1728,1.0,0.30338840225935093,0.10571478037064196,0.10571478037064183
45,46,active_nonfinal,1728,1728,1.0,0.30338840225935093,0.10571478037064196,0.10571478037064183
45,46,all,9149,9149,1.0,0.5638693483145395,0.12500768064591863,0.12500768064591875
45,46,all_final,479,479,1.0,0.29755347478266425,0.11077577901848921,0.11077577901848946
45,46,all_nonfinal,8670,8670,1.0,0.5749983591241963,0.12579396448438923,0.12579396448438937
45,46,immature,5530,5530,1.0,0.6776158896884162,0.13136164541752524,0.1313616454175254
45,46,immature_final,6,6,1.0,0.025947872714560245,0.02089004714648442,0.020890047146484413
45,46,immature_nonfinal,5524,5524,1.0,0.677983253324081,0.13148163629182397,0.13148163629182413
45,46,marginalized,1319,1319,1.0,0.2483497137222915,0.10911737701321975,0.10911737701321966
45,46,marginalized_final,387,387,1.0,0.23742514697141823,0.10110051504365838,0.1011005150436585
45,46,marginalized_nonfinal,932,932,1.0,0.25274728120774187,0.11244626712289803,0.11244626712289797
45,46,outlier,572,572,1.0,0.47550754308936166,0.15850421382812954,0.1585042138281296
45,46,outlier_final,86,86,1.0,0.4893069955535324,0.16058556447769376,0.16058556447769395
45,46,outlier_nonfinal,486,486,1.0,0.47302374542306697,0.1581359089806759,0.15813590898067592
47,48,active,387,387,1.0,1.512222401275485,0.34445225459501105,0.3444522545950111
47,48,active_nonfinal,387,387,1.0,1.512222401275485,0.34445225459501105,0.3444522545950111
47,48,all,3778,3778,1.0,0.9459976547767456,0.2083148554962168,0.2083148554962169
47,48,all_final,634,634,1.0,0.8592389572945788,0.18438261236091263,0.18438261236091263
47,48,all_nonfinal,3144,3144,1.0,0.9625458944589589,0.21314088671370493,0.21314088671370487
47,48,immature,2703,2703,1.0,0.7677158054818374,0.17726135076738292,0.1772613507673828
47,48,immature_final,299,299,1.0,0.23803990119380414,0.10289938999307671,0.10289938999307663
47,48,immature_nonfinal,2404,2404,1.0,0.8097195375936411,0.18651019697017726,0.1865101969701772
47,48,marginalized,590,590,1.0,0.3017546899493707,0.13954109047872298,0.13954109047872293
47,48,marginalized_final,291,291,1.0,0.30349196983444754,0.14005807087250785,0.1400580708725079
47,48,marginalized_nonfinal,299,299,1.0,0.30005423406315107,0.1390379423362769,0.13903794233627687
47,48,outlier,98,98,1.0,2.9435857587663183,0.9412635411199234,0.9412635411199234
47,48,outlier_final,44,44,1.0,3.105462136727646,1.0312445455679282,1.0312445455679284
47,48,outlier_nonfinal,54,54,1.0,2.80478735592679,0.8679456856437711,0.8679456856437712
49,50,active,864,864,1.0,2.1154913697447877,0.3778734994659811,0.37787349946598137
49,50,active_nonfinal,864,864,1.0,2.1154913697447877,0.3778734994659811,0.37787349946598137
49,50,all,4804,4804,1.0,1.3770837484727902,0.2273233729643588,0.2273233729643586
49,50,all_final,595,595,1.0,1.4786414252420343,0.2280961441354797,0.22809614413547957
49,50,all_nonfinal,4209,4209,1.0,1.3621164495300455,0.2272141311380778,0.2272141311380776
49,50,immature,2941,2941,1.0,0.9483574486464736,0.1730986822337795,0.17309868223377955
49,50,immature_final,134,134,1.0,0.1611178387374858,0.08508226328176087,0.08508226328176087
49,50,immature_nonfinal,2807,2807,1.0,0.970091303087922,0.17730039229418929,0.1773003922941893
49,50,marginalized,786,786,1.0,0.2709843139371582,0.10575136343097523,0.10575136343097541
49,50,marginalized_final,376,376,1.0,0.2764566611109721,0.10747581135547665,0.10747581135547671
49,50,marginalized_nonfinal,410,410,1.0,0.26586677575517836,0.10416991850509108,0.10416991850509102
49,50,outlier,213,213,1.0,3.4536837289781332,0.8139670613891143,0.8139670613891139
49,50,outlier_final,85,85,1.0,3.8633737780195907,0.9871209107199446,0.987120910719944
49,50,outlier_nonfinal,128,128,1.0,3.152341052471675,0.69898208331786,0.6989820833178599
51,52,active,3040,3040,1.0,1.3286525891770558,0.2345022991380121,0.2345022991380122
51,52,active_nonfinal,3040,3040,1.0,1.3286525891770558,0.2345022991380121,0.2345022991380122
51,52,all,17225,17225,1.0,1.6661187089814675,0.2740955705766978,0.27409557057669776
51,52,all_nonfinal,17225,17225,1.0,1.6661187089814675,0.2740955705766978,0.27409557057669776
51,52,immature,6396,6396,1.0,1.3280234374384665,0.21748555040703166,0.2174855504070315
51,52,immature_nonfinal,6396,6396,1.0,1.3280234374384665,0.21748555040703166,0.2174855504070315
51,52,marginalized,5548,5548,1.0,0.21966896732868058,0.13684668927323748,0.13684668927323743
51,52,marginalized_nonfinal,5548,5548,1.0,0.21966896732868058,0.13684668927323748,0.13684668927323743
51,52,outlier,2241,2241,1.0,3.7133574956826307,0.8291593937138635,0.8291593937138632
51,52,outlier_nonfinal,2241,2241,1.0,3.7133574956826307,0.8291593937138635,0.8291593937138632
53,54,active,675,675,1.0,1.7653239334260569,0.31331365583789533,0.3133136558378953
53,54,active_nonfinal,675,675,1.0,1.7653239334260569,0.31331365583789533,0.3133136558378953
53,54,all,3763,3763,1.0,1.8913290259986901,0.32422342452055813,0.32422342452055813
53,54,all_final,653,653,1.0,1.6307623450170938,0.2775580359941848,0.277558035994185
53,54,all_nonfinal,3110,3110,1.0,1.9416027666826883,0.33402165561628816,0.33402165561628816
53,54,immature,2062,2062,1.0,1.8733422251514043,0.3132089877300831,0.31320898773008315
53,54,immature_final,154,154,1.0,0.19497761759949975,0.12745770281389077,0.12745770281389088
53,54,immature_nonfinal,1908,1908,1.0,1.9466887392963095,0.3282014918585386,0.32820149185853864
53,54,marginalized,841,841,1.0,0.20387620895005837,0.1209122255674508,0.12091222556745082
53,54,marginalized_final,412,412,1.0,0.20082578266676646,0.12037024324615614,0.12037024324615615
53,54,marginalized_nonfinal,429,429,1.0,0.206763396298622,0.12143273073382234,0.12143273073382231
53,54,outlier,185,185,1.0,4.699518166660857,1.4110373750195986,1.4110373750195986
53,54,outlier_final,87,87,1.0,4.4387376125619555,1.2876364488901988,1.2876364488901986
53,54,outlier_nonfinal,98,98,1.0,4.919457480217517,1.520587176787534,1.520587176787534
55,56,active,672,672,1.0,2.476400988240167,0.41860068097743325,0.4186006809774333
55,56,active_nonfinal,672,672,1.0,2.476400988240167,0.41860068097743325,0.4186006809774333
55,56,all,3659,3659,1.0,2.019132244570215,0.3544348117185724,0.3544348117185722
55,56,all_final,616,616,1.0,2.244840200776211,0.35723430636098324,0.35723430636098313
55,56,all_nonfinal,3043,3043,1.0,1.9702974686146153,0.3538681049490276,0.35386810494902743
55,56,immature,1906,1906,1.0,1.3652356236841654,0.2839141028977104,0.28391410289771046
55,56,immature_final,104,104,1.0,0.18986887760297488,0.1273101760851006,0.12731017608510062
55,56,immature_nonfinal,1802,1802,1.0,1.4033382935029202,0.29295228735304374,0.2929522873530438
55,56,marginalized,837,837,1.0,0.16596498374535534,0.1112053425507392,0.11120534255073922
55,56,marginalized_final,407,407,1.0,0.1662625938780999,0.1108478306011539,0.11084783060115382
55,56,marginalized_nonfinal,430,430,1.0,0.16568279983485948,0.11154373176813738,0.11154373176813734
55,56,outlier,244,244,1.0,5.439943977929366,1.5629433058336784,1.5629433058336775
55,56,outlier_final,105,105,1.0,5.424120217460667,1.5400095938175777,1.540009593817578
55,56,outlier_nonfinal,139,139,1.0,5.4518667279196,1.5802673328962,1.5802673328961994
57,58,active,3174,3174,1.0,0.8269035297441081,0.14477891362490114,0.1447789136249011
57,58,active_nonfinal,3174,3174,1.0,0.8269035297441081,0.14477891362490114,0.1447789136249011
57,58,all,15227,15227,1.0,1.1081740565708003,0.17929424998273596,0.17929424998273605
57,58,all_nonfinal,15227,15227,1.0,1.1081740565708003,0.17929424998273596,0.17929424998273605
57,58,immature,5598,5598,1.0,1.270143070664979,0.1962496062637002,0.19624960626370036
57,58,immature_nonfinal,5598,5598,1.0,1.270143070664979,0.1962496062637002,0.19624960626370036
57,58,marginalized,4182,4182,1.0,0.14340984820814415,0.09080775081329591,0.09080775081329574
57,58,marginalized_nonfinal,4182,4182,1.0,0.14340984820814415,0.09080775081329591,0.09080775081329574
57,58,outlier,2273,2273,1.0,1.8058140343157156,0.34853583936484284,0.348535839364843
57,58,outlier_nonfinal,2273,2273,1.0,1.8058140343157156,0.34853583936484284,0.348535839364843
59,60,active,923,923,1.0,2.166542806438702,0.290034102246248,0.29003410224624787
59,60,active_nonfinal,923,923,1.0,2.166542806438702,0.290034102246248,0.29003410224624787
59,60,all,3729,3729,1.0,1.9174505301452147,0.2790477049916109,0.2790477049916108
59,60,all_final,659,659,1.0,1.8134390875934971,0.22535143033306537,0.2253514303330652
59,60,all_nonfinal,3070,3070,1.0,1.9390502013829842,0.2905740388678266,0.29057403886782657
59,60,immature,1609,1609,1.0,1.770690583470134,0.3017823309980198,0.30178233099801965
59,60,immature_final,74,74,1.0,0.11785877208247549,0.08607540024448025,0.08607540024448045
59,60,immature_nonfinal,1535,1535,1.0,1.812684661698785,0.31218123189428154,0.3121812318942814
59,60,marginalized,1009,1009,1.0,0.1739584765681795,0.09284227202022337,0.09284227202022333
59,60,marginalized_final,500,500,1.0,0.17432121774278733,0.09278080260990965,0.09278080260990956
59,60,marginalized_nonfinal,509,509,1.0,0.1736014113207266,0.09290265454508956,0.09290265454508949
59,60,outlier,188,188,1.0,4.783794666151475,1.0299031515755959,1.0299031515755952
59,60,outlier_final,85,85,1.0,5.030425146619671,1.1264307254875732,1.1264307254875732
59,60,outlier_nonfinal,103,103,1.0,4.570251980951057,0.9502444740754197,0.9502444740754197
61,62,active,954,954,1.0,2.296624108894727,0.39540379196032244,0.3954037919603222
61,62,active_nonfinal,954,954,1.0,2.296624108894727,0.39540379196032244,0.3954037919603222
61,62,all,3795,3795,1.0,2.001582249117061,0.34888814936870727,0.3488881493687074
61,62,all_final,689,689,1.0,1.9143528486545438,0.3076668631076929,0.30766686310769287
61,62,all_nonfinal,3106,3106,1.0,2.0204219336086675,0.3580322144794091,0.3580322144794091
61,62,immature,1537,1537,1.0,1.82623553312029,0.3472395256796524,0.34723952567965227
61,62,immature_final,58,58,1.0,0.1979941720143837,0.12816350414263053,0.12816350414263064
61,62,immature_nonfinal,1479,1479,1.0,1.8612868013693942,0.3558307422105158,0.35583074221051586
61,62,marginalized,1065,1065,1.0,0.24405024426879401,0.11246415744457662,0.11246415744457651
61,62,marginalized_final,516,516,1.0,0.2474278948706238,0.11376266592089178,0.11376266592089174
61,62,marginalized_nonfinal,549,549,1.0,0.24083244010400193,0.11124370139033489,0.11124370139033483
61,62,outlier,239,239,1.0,4.565944338589616,1.227338203665256,1.2273382036652563
61,62,outlier_final,115,115,1.0,4.65426130742865,1.268238694136937,1.2682386941369368
61,62,outlier_nonfinal,124,124,1.0,4.482482521141824,1.1894062971794233,1.1894062971794235
63,64,active,1538,1538,1.0,1.7052298198927183,0.29507949985882415,0.2950794998588242
63,64,active_nonfinal,1538,1538,1.0,1.7052298198927183,0.29507949985882415,0.2950794998588242
63,64,all,4854,4854,1.0,2.094152669489798,0.3544072253830705,0.3544072253830703
63,64,all_final,682,682,1.0,1.4825424509767624,0.25420667682654025,0.25420667682654025
63,64,all_nonfinal,4172,4172,1.0,2.177860133412756,0.37078708495055673,0.37078708495055646
63,64,immature,1870,1870,1.0,2.7180740534015007,0.4871693724086662,0.4871693724086659
63,64,immature_final,16,16,1.0,0.14140019694256326,0.12086008429620929,0.12086008429620945
63,64,immature_nonfinal,1854,1854,1.0,2.7297457277461565,0.4903306176135201,0.49033061761351987
63,64,marginalized,1235,1235,1.0,0.23714044102803178,0.13861258306903768,0.1386125830690377
63,64,marginalized_final,581,581,1.0,0.24251908159191124,0.14078043658612513,0.14078043658612507
63,64,marginalized_nonfinal,654,654,1.0,0.23225771224961622,0.13668670708520297,0.13668670708520286
63,64,outlier,211,211,1.0,3.7264356932004694,0.8733039560762229,0.873303956076223
63,64,outlier_final,85,85,1.0,4.150829814278264,1.0546089245932058,1.0546089245932058
63,64,outlier_nonfinal,126,126,1.0,3.4104370098171186,0.7509950487433381,0.7509950487433384
65,66,active,5103,5103,1.0,1.3007373152699038,0.15824951312951713,0.15824951312951713
65,66,active_nonfinal,5103,5103,1.0,1.3007373152699038,0.15824951312951713,0.15824951312951713
65,66,all,13401,13401,1.0,2.030045118623747,0.3162360711589174,0.3162360711589174
65,66,all_nonfinal,13401,13401,1.0,2.030045118623747,0.3162360711589174,0.3162360711589174
65,66,immature,4685,4685,1.0,2.3120773608867773,0.442149414497956,0.442149414497956
65,66,immature_nonfinal,4685,4685,1.0,2.3120773608867773,0.442149414497956,0.442149414497956
65,66,marginalized,2835,2835,1.0,0.1574890565766033,0.0897678548362821,0.08976785483628211
65,66,marginalized_nonfinal,2835,2835,1.0,0.1574890565766033,0.0897678548362821,0.08976785483628211
65,66,outlier,778,778,1.0,5.2541881814504405,1.419499291409949,1.419499291409949
65,66,outlier_nonfinal,778,778,1.0,5.2541881814504405,1.419499291409949,1.419499291409949
67,68,active,1304,1304,1.0,0.42480740896966557,0.13531647650371706,0.13531647650371698
67,68,active_nonfinal,1304,1304,1.0,0.42480740896966557,0.13531647650371706,0.13531647650371698
67,68,all,4147,4147,1.0,1.6368629854094239,0.3170871812376771,0.3170871812376765
67,68,all_final,792,792,1.0,0.3872630919172598,0.12098980904841182,0.12098980904841174
67,68,all_nonfinal,3355,3355,1.0,1.81008628421481,0.36337901991842236,0.36337901991842186
67,68,immature,1341,1341,1.0,2.8168132968238435,0.7131087820652849,0.7131087820652848
67,68,immature_final,45,45,1.0,0.14624544216371904,0.1135798122904828,0.11357981229048277
67,68,immature_nonfinal,1296,1296,1.0,2.8651694207452505,0.7339257601824658,0.7339257601824656
67,68,marginalized,1452,1452,1.0,0.1879687467743045,0.1067158093131611,0.10671580931316116
67,68,marginalized_final,723,723,1.0,0.18817805524786127,0.10670099833562242,0.1067009983356223
67,68,marginalized_nonfinal,729,729,1.0,0.1877609305482508,0.10673049838965035,0.10673049838965029
67,68,outlier,50,50,1.0,1.9206124622666259,0.5455524671909733,0.5455524671909733
67,68,outlier_final,24,24,1.0,1.9601636152422817,0.5653339756923084,0.5653339756923084
67,68,outlier_nonfinal,26,26,1.0,1.8833666454008622,0.5272926131897407,0.5272926131897407
68,69,active,1043,1043,1.0,0.4659886525759035,0.18138281948568022,0.18138281948568014
68,69,active_nonfinal,1043,1043,1.0,0.4659886525759035,0.18138281948568022,0.18138281948568014
68,69,all,3954,3954,1.0,2.137134003624192,0.4114816366635837,0.4114816366635837
68,69,all_final,740,740,1.0,0.5065184396340542,0.18301349901929628,0.18301349901929645
68,69,all_nonfinal,3214,3214,1.0,2.3579371310102064,0.46408475485175177,0.46408475485175177
68,69,immature,1573,1573,1.0,3.31849350217443,0.7458310297419048,0.7458310297419053
68,69,immature_final,77,77,1.0,0.21350816734472128,0.15493520115391188,0.15493520115391177
68,69,immature_nonfinal,1496,1496,1.0,3.4024796046473598,0.7762447856251098,0.7762447856251102
68,69,marginalized,1250,1250,1.0,0.21586249252380715,0.1509812776346562,0.15098127763465619
68,69,marginalized_final,621,621,1.0,0.21625195346129392,0.1511358268684477,0.15113582686844776
68,69,marginalized_nonfinal,629,629,1.0,0.21547729443330366,0.15082869405089722,0.15082869405089724
68,69,outlier,88,88,1.0,2.266447480809602,0.8624693615557694,0.8624693615557689
68,69,outlier_final,42,42,1.0,1.9352862388290357,0.7058245309552893,0.7058245309552893
68,69,outlier_nonfinal,46,46,1.0,2.531252608918278,1.0054929025388162,1.005492902538816
69,70,active,1084,1084,1.0,0.3297426062320193,0.1437231575783951,0.143723157578395
69,70,active_nonfinal,1084,1084,1.0,0.3297426062320193,0.1437231575783951,0.143723157578395
69,70,all,4031,4031,1.0,1.9177051527850377,0.3827097686524952,0.3827097686524951
69,70,all_final,746,746,1.0,0.2785240456395832,0.12925994121129458,0.1292599412112947
69,70,all_nonfinal,3285,3285,1.0,2.1201724583291,0.4402664113529931,0.44026641135299305
69,70,immature,1545,1545,1.0,3.0727337782059454,0.7768992525699316,0.7768992525699311
69,70,immature_final,53,53,1.0,0.14243799556146997,0.10473191174114868,0.10473191174114882
69,70,immature_nonfinal,1492,1492,1.0,3.1267183149227127,0.8007765106556722,0.8007765106556717
69,70,marginalized,1312,1312,1.0,0.20427641425780305,0.11323685210460208,0.11323685210460196
69,70,marginalized_final,651,651,1.0,0.20162008071779977,0.11266633503454243,0.11266633503454249
69,70,marginalized_nonfinal,661,661,1.0,0.20685922338570084,0.11379873805408584,0.11379873805408586
69,70,outlier,90,90,1.0,0.8455789087837668,0.4225675493494292,0.4225675493494294
69,70,outlier_final,42,42,1.0,0.8498257226560807,0.41741287413946987,0.4174128741394699
69,70,outlier_nonfinal,48,48,1.0,0.8418453727142892,0.42707789015814374,0.4270778901581436
70,71,active,1037,1037,1.0,0.8860394310785702,0.22223588727232993,0.22223588727232998
70,71,active_nonfinal,1037,1037,1.0,0.8860394310785702,0.22223588727232993,0.22223588727232998
70,71,all,3823,3823,1.0,2.0078434134790606,0.42235468189492503,0.4223546818949253
70,71,all_final,703,703,1.0,0.7583975391331954,0.1815652210397887,0.18156522103978867
70,71,all_nonfinal,3120,3120,1.0,2.193217574511693,0.4766094866965805,0.47660948669658076
70,71,immature,1437,1437,1.0,3.097822254402877,0.788278109115012,0.7882781091150123
70,71,immature_final,37,37,1.0,0.11613631141873498,0.07183862438220097,0.07183862438220083
70,71,immature_nonfinal,1400,1400,1.0,3.138434023257212,0.8072125812115226,0.807212581211523
70,71,marginalized,1218,1218,1.0,0.20611756856533697,0.10566780927419052,0.10566780927419052
70,71,marginalized_final,604,604,1.0,0.20663545204199427,0.10569629518030041,0.1056962951803004
70,71,marginalized_nonfinal,614,614,1.0,0.20560684692423323,0.10563978730791948,0.10563978730791944
70,71,outlier,131,131,1.0,2.402515991559704,0.9369793838829343,0.9369793838829338
70,71,outlier_final,62,62,1.0,2.469339463680456,0.9861574032246532,0.986157403224653
70,71,outlier_nonfinal,69,69,1.0,2.3408451550778633,0.8927904389671859,0.8927904389671858
71,72,active,1053,1053,1.0,0.7922460263949069,0.19957033961473336,0.19957033961473342
71,72,active_nonfinal,1053,1053,1.0,0.7922460263949069,0.19957033961473336,0.19957033961473342
71,72,all,3696,3696,1.0,2.6407741729093064,0.5572551780746701,0.557255178074671
71,72,all_final,690,690,1.0,0.6883172835433564,0.16902249798070493,0.16902249798070498
71,72,all_nonfinal,3006,3006,1.0,2.9095846746901066,0.646370463924582,0.6463704639245826
71,72,immature,1266,1266,1.0,4.395491648712885,1.276236808582353,1.2762368085823532
71,72,immature_final,10,10,1.0,0.15192067959451377,0.0898986494967117,0.08989864949671192
71,72,immature_nonfinal,1256,1256,1.0,4.412934113972599,1.2856821760909967,1.2856821760909969
71,72,marginalized,1249,1249,1.0,0.405338538329036,0.12298238162869142,0.12298238162869145
71,72,marginalized_final,619,619,1.0,0.4068961874133301,0.1230942317074863,0.12309423170748637
71,72,marginalized_nonfinal,630,630,1.0,0.4038022342240752,0.1228724844877798,0.12287248448777988
71,72,outlier,128,128,1.0,1.8730475979442043,0.626146689298204,0.626146689298204
71,72,outlier_final,61,61,1.0,1.9171078036588243,0.6480525849964799,0.6480525849964796
71,72,outlier_nonfinal,67,67,1.0,1.8320117510509184,0.6062025156027593,0.606202515602759
72,73,active,3509,3509,1.0,0.4184612637547973,0.13377712355182556,0.13377712355182558
72,73,active_nonfinal,3509,3509,1.0,0.4184612637547973,0.13377712355182556,0.13377712355182558
72,73,all,7054,7054,1.0,2.4892660473461463,0.505083279431918,0.5050832794319179
72,73,all_nonfinal,7054,7054,1.0,2.4892660473461463,0.505083279431918,0.5050832794319179
72,73,immature,2422,2422,1.0,4.1978212908384664,1.18793952759138,1.1879395275913802
72,73,immature_nonfinal,2422,2422,1.0,4.1978212908384664,1.18793952759138,1.1879395275913802
72,73,marginalized,827,827,1.0,0.22242033860806854,0.11351717970789173,0.11351717970789177
72,73,marginalized_nonfinal,827,827,1.0,0.22242033860806854,0.11351717970789173,0.11351717970789177
72,73,outlier,296,296,1.0,1.1249435316184149,0.41339622677241045,0.41339622677241045
72,73,outlier_nonfinal,296,296,1.0,1.1249435316184149,0.41339622677241045,0.41339622677241045
73,74,active,1170,1170,1.0,1.3439925488555093,0.28016172776480774,0.2801617277648077
73,74,active_nonfinal,1170,1170,1.0,1.3439925488555093,0.28016172776480774,0.2801617277648077
73,74,all,3693,3693,1.0,2.9684671281539527,0.7068002855320963,0.7068002855320964
73,74,all_final,687,687,1.0,1.2897595228820056,0.2745104457756485,0.27451044577564865
73,74,all_nonfinal,3006,3006,1.0,3.2319490088168634,0.8055970652768337,0.8055970652768338
73,74,immature,1134,1134,1.0,4.9665133665896155,1.6491089702600228,1.6491089702600228
73,74,immature_final,9,9,1.0,0.060625376537144476,0.04489762774115036,0.044897627741150525
73,74,immature_nonfinal,1125,1125,1.0,4.986336897682223,1.661942661000174,1.661942661000174
73,74,marginalized,1279,1279,1.0,0.19568669218603355,0.1166063430959251,0.11660634309592521
73,74,marginalized_final,634,634,1.0,0.1955691389040321,0.11640985396961634,0.11640985396961634
73,74,marginalized_nonfinal,645,645,1.0,0.19580217190335808,0.11679948124488627,0.11679948124488627
73,74,outlier,110,110,1.0,4.678836947550528,2.3926831626422924,2.392683162642293
73,74,outlier_final,44,44,1.0,5.041934702796259,2.59956250412417,2.5995625041241697
73,74,outlier_nonfinal,66,66,1.0,4.4202324529485,2.254763601654374,2.2547636016543744
74,75,active,1113,1113,1.0,1.7345371325552983,0.32616673318220735,0.32616673318220735
74,75,active_nonfinal,1113,1113,1.0,1.7345371325552983,0.32616673318220735,0.32616673318220735
74,75,all,3430,3430,1.0,3.1550238017130927,0.7490676661198759,0.7490676661198766
74,75,all_final,639,639,1.0,1.6668570792934154,0.3033534756567885,0.30335347565678855
74,75,all_nonfinal,2791,2791,1.0,3.4054467351525135,0.8511140178597211,0.8511140178597217
74,75,immature,1024,1024,1.0,5.145282343623884,1.7587632503347719,1.7587632503347719
74,75,immature_final,7,7,1.0,0.14214615399864167,0.12305776982090144,0.12305776982090087
74,75,immature_nonfinal,1017,1017,1.0,5.162945970832648,1.7700217934651525,1.7700217934651525
74,75,marginalized,1218,1218,1.0,1.2322904975082176,0.1710142219945495,0.1710142219945497
74,75,marginalized_final,597,597,1.0,1.2445131356803487,0.17258662837393632,0.17258662837393637
74,75,marginalized_nonfinal,621,621,1.0,1.2204248315713608,0.1695025849438342,0.16950258494383422
74,75,outlier,75,75,1.0,4.946839521721853,2.626795067029375,2.6267950670293754
74,75,outlier_final,35,35,1.0,4.929858981656238,2.569921411905759,2.569921411905759
74,75,outlier_nonfinal,40,40,1.0,4.961649823293693,2.676559515262539,2.6765595152625394
75,76,active,1096,1096,1.0,1.4943365317269361,0.33896646476052994,0.3389664647605299
75,76,active_nonfinal,1096,1096,1.0,1.4943365317269361,0.33896646476052994,0.3389664647605299
75,76,all,3476,3476,1.0,3.439976271568017,0.8951915079636696,0.8951915079636702
75,76,all_final,635,635,1.0,1.3807707185081186,0.3097159155050954,0.3097159155050953
75,76,all_nonfinal,2841,2841,1.0,3.74863020862386,1.0260528248278697,1.0260528248278704
75,76,immature,1102,1102,1.0,5.736498033134605,2.128605093688632,2.128605093688633
75,76,immature_final,6,6,1.0,0.09749487406249288,0.08627328348040209,0.0862732834804022
75,76,immature_nonfinal,1096,1096,1.0,5.752174171661523,2.1397857422846625,2.139785742284664
75,76,marginalized,1181,1181,1.0,0.42201441480098767,0.18157030847351827,0.18157030847351804
75,76,marginalized_final,582,582,1.0,0.4246844680811117,0.1827097258466439,0.18270972584664377
75,76,marginalized_nonfinal,599,599,1.0,0.41940385805801317,0.18046322848827734,0.1804632284882772
75,76,outlier,97,97,1.0,4.774627339734047,1.8558875129080052,1.8558875129080055
75,76,outlier_final,47,47,1.0,4.850137950758218,1.910955451108648,1.9109554511086477
75,76,outlier_nonfinal,50,50,1.0,4.702541933866139,1.8041236509994016,1.8041236509994014
76,77,active,1025,1025,1.0,1.4527657064435486,0.3522887895360909,0.3522887895360906
76,77,active_nonfinal,1025,1025,1.0,1.4527657064435486,0.3522887895360909,0.3522887895360906
76,77,all,3345,3345,1.0,3.532613168499551,0.9480961957538333,0.9480961957538333
76,77,all_final,605,605,1.0,1.393480758047955,0.3434204673024056,0.3434204673024056
76,77,all_nonfinal,2740,2740,1.0,3.84786712311659,1.0816103620724853,1.0816103620724853
76,77,immature,1096,1096,1.0,5.813143186930692,2.15569994756959,2.1556999475695897
76,77,immature_final,3,3,1.0,0.23916812968852527,0.17273701145217402,0.17273701145217354
76,77,immature_nonfinal,1093,1093,1.0,5.821102015679553,2.1611426637711935,2.161142663771193
76,77,marginalized,1091,1091,1.0,0.27227474056168227,0.14475864238479563,0.14475864238479577
76,77,marginalized_final,541,541,1.0,0.27271347910012556,0.1448714277061334,0.14487142770613345
76,77,marginalized_nonfinal,550,550,1.0,0.2718424905684344,0.14464770264144333,0.14464770264144344
76,77,outlier,133,133,1.0,4.302951870468725,2.1782477003306675,2.1782477003306675
76,77,outlier_final,61,61,1.0,4.312343917084143,2.112716873681651,2.112716873681651
76,77,outlier_nonfinal,72,72,1.0,4.294978648780975,2.233766872908307,2.233766872908307
77,78,active,1026,1026,1.0,1.9345956276956173,0.4778389917983968,0.4778389917983973
77,78,active_nonfinal,1026,1026,1.0,1.9345956276956173,0.4778389917983968,0.4778389917983973
77,78,all,2049,2049,1.0,4.8916027566696165,1.7025363388908266,1.7025363388908263
77,78,all_nonfinal,2049,2049,1.0,4.8916027566696165,1.7025363388908266,1.7025363388908263
77,78,immature,999,999,1.0,6.7137948220732255,2.9800655187912164,2.980065518791217
77,78,immature_nonfinal,999,999,1.0,6.7137948220732255,2.9800655187912164,2.980065518791217
77,78,marginalized,8,8,1.0,0.08058874586508126,0.058565283837085924,0.058565283837086056
77,78,marginalized_nonfinal,8,8,1.0,0.08058874586508126,0.058565283837085924,0.058565283837086056
77,78,outlier,16,16,1.0,3.1427388500939366,1.2925110786890976,1.2925110786890972
77,78,outlier_nonfinal,16,16,1.0,3.1427388500939366,1.2925110786890976,1.2925110786890972
78,79,active,384,384,1.0,2.7181616146191576,0.5337946994610673,0.5337946994610673
78,79,active_nonfinal,384,384,1.0,2.7181616146191576,0.5337946994610673,0.5337946994610673
78,79,all,1023,1023,1.0,8.83844065382457,4.349084993274934,4.349084993274933
78,79,all_nonfinal,1023,1023,1.0,8.83844065382457,4.349084993274934,4.349084993274933
78,79,immature,638,638,1.0,10.991366959393247,6.650915416770097,6.650915416770097
78,79,immature_nonfinal,638,638,1.0,10.991366959393247,6.650915416770097,6.650915416770097
78,79,outlier,1,1,1.0,0.8527476278839146,0.8527476278839146,0.8527476278839144
78,79,outlier_nonfinal,1,1,1.0,0.8527476278839146,0.8527476278839146,0.8527476278839144
