interval_index,start_s,end_s,events,dynamic_fraction,max_probability,mean_probability
0,0.0,0.09999999999999999,41470,0.0051888020833333335,0.7310585379600525,0.2713894546031952
1,0.09999999999999999,0.19999999999999998,43203,0.005641276041666666,0.7310585379600525,0.271600604057312
2,0.19999999999999998,0.3,44100,0.006682942708333334,0.7310585379600525,0.27202868461608887
3,0.3,0.39999999999999997,44097,0.003515625,0.7310585379600525,0.27060362696647644
4,0.39999999999999997,0.5,43789,0.003987630208333333,0.7310585379600525,0.2708883285522461
5,0.5,0.6,44146,0.004072265625,0.7310585379600525,0.2708559036254883
6,0.6,0.7,44130,0.0022591145833333335,0.7310585379600525,0.2700326442718506
7,0.7,0.7999999999999999,44588,0.0019759114583333334,0.7310585379600525,0.2699289321899414
8,0.7999999999999999,0.8999999999999999,44729,0.0030631510416666667,0.7310585379600525,0.2704436182975769
9,0.8999999999999999,1.0,44670,0.0023404947916666665,0.7310585379600525,0.27007564902305603
10,1.0,1.0999999999999999,44025,0.0025,0.7310585379600525,0.27015775442123413
11,1.0999999999999999,1.2,44115,0.0017838541666666667,0.7310585379600525,0.2698632478713989
12,1.2,1.3,44515,0.0017057291666666666,0.7310585379600525,0.26976892352104187
13,1.3,1.4,45319,0.00193359375,0.7310585379600525,0.2699311375617981
14,1.4,1.5,46056,0.0025553385416666667,0.7310585379600525,0.2701950669288635
15,1.5,1.5999999999999999,46209,0.003668619791666667,0.7310585379600525,0.2706897258758545
16,1.5999999999999999,1.7,46201,0.0033854166666666668,0.7310585379600525,0.2705141305923462
17,1.7,1.7999999999999998,45092,0.0029069010416666666,0.7310585379600525,0.27036717534065247
18,1.7999999999999998,1.9,44876,0.0037662760416666665,0.7310585379600525,0.27074387669563293
19,1.9,2.0,45213,0.0037890625,0.7310585379600525,0.2707274258136749
20,2.0,2.1,43625,0.004078776041666667,0.7310585379600525,0.27089622616767883
21,2.1,2.1999999999999997,43235,0.004378255208333333,0.7310585379600525,0.2709898054599762
22,2.1999999999999997,2.3,42968,0.003466796875,0.7310585379600525,0.27060532569885254
23,2.3,2.4,43620,0.003167317708333333,0.7310585379600525,0.2704945504665375
24,2.4,2.5,44101,0.0042513020833333335,0.7310585379600525,0.27097609639167786
25,2.5,2.6,44036,0.0045735677083333336,0.7310585379600525,0.2711123824119568
26,2.6,2.6999999999999997,43482,0.0061328125,0.7310585379600525,0.271797776222229
27,2.6999999999999997,2.8,43998,0.0040104166666666665,0.7310585379600525,0.27087849378585815
28,2.8,2.9,44734,0.00384765625,0.7310585379600525,0.27076226472854614
29,2.9,3.0,44923,0.003990885416666667,0.7310585379600525,0.2708253860473633
30,3.0,3.0999999999999996,44330,0.004749348958333333,0.7310585379600525,0.27116212248802185
31,3.0999999999999996,3.1999999999999997,44586,0.0054296875,0.7310585379600525,0.2715321481227875
32,3.1999999999999997,3.3,44494,0.007679036458333333,0.7310585379600525,0.2725081145763397
33,3.3,3.4,44545,0.0070703125,0.7310585379600525,0.2721453905105591
34,3.4,3.5,45839,0.005729166666666666,0.7310585379600525,0.2715916335582733
35,3.5,3.5999999999999996,46126,0.004156901041666667,0.7310585379600525,0.2709712088108063
36,3.5999999999999996,3.6999999999999997,45484,0.004563802083333333,0.7310585379600525,0.2711569368839264
37,3.6999999999999997,3.8,45595,0.004137369791666666,0.7310585379600525,0.2708836495876312
38,3.8,3.9,45789,0.0030501302083333335,0.7310585379600525,0.2704353332519531
39,3.9,4.0,45305,0.004440104166666667,0.7310585379600525,0.2710055708885193
40,4.0,4.1,45042,0.004069010416666667,0.7310585379600525,0.270804226398468
41,4.1,4.2,44386,0.004951171875,0.7310585379600525,0.27123862504959106
42,4.2,4.3,45429,0.00623046875,0.7310585379600525,0.27180853486061096
43,4.3,4.3999999999999995,45287,0.006080729166666667,0.7310585379600525,0.2717474102973938
44,4.3999999999999995,4.5,45407,0.004876302083333333,0.7310585379600525,0.2712334394454956
45,4.5,4.6,46028,0.006442057291666667,0.7310585379600525,0.27202147245407104
46,4.6,4.7,45167,0.002626953125,0.7310585379600525,0.27016955614089966
47,4.7,4.8,44328,0.003463541666666667,0.7310585379600525,0.270624041557312
48,4.8,4.8999999999999995,44858,0.004508463541666666,0.7310585379600525,0.2710072994232178
49,4.8999999999999995,5.0,45070,0.004729817708333334,0.7310585379600525,0.2711503505706787
50,5.0,5.1,44576,0.00400390625,0.7310585379600525,0.27081555128097534
51,5.1,5.2,44663,0.010442708333333333,0.7310585379600525,0.2737535238265991
52,5.2,5.3,44434,0.005836588541666667,0.7310585379600525,0.2717183530330658
53,5.3,5.3999999999999995,45525,0.005520833333333333,0.7310585379600525,0.27146464586257935
54,5.3999999999999995,5.5,44630,0.011171875,0.7310585379600525,0.274162232875824
55,5.5,5.6,44023,0.008125,0.7310585379600525,0.2727148234844208
56,5.6,5.7,45062,0.004313151041666667,0.7310585379600525,0.27094075083732605
57,5.7,5.8,44101,0.003948567708333333,0.7310585379600525,0.270813912153244
58,5.8,5.8999999999999995,43952,0.005139973958333334,0.7310585379600525,0.2713671624660492
59,5.8999999999999995,6.0,43880,0.0035709635416666667,0.7310585379600525,0.27064743638038635
60,6.0,6.1,45162,0.003147786458333333,0.7310585379600525,0.27046695351600647
61,6.1,6.199999999999999,41728,0.0042545572916666665,0.7310585379600525,0.270979106426239
62,6.199999999999999,6.3,43485,0.01080078125,0.7310585379600525,0.2740175426006317
63,6.3,6.3999999999999995,42999,0.0033854166666666668,0.7310585379600525,0.2705548405647278
64,6.3999999999999995,6.5,42778,0.0016764322916666666,0.7310585379600525,0.2698111832141876
65,6.5,6.6,43432,0.003740234375,0.7310585379600525,0.2706878185272217
66,6.6,6.699999999999999,45122,0.0026009114583333335,0.7310585379600525,0.27022314071655273
67,6.699999999999999,6.8,43298,0.00337890625,0.7310585379600525,0.2705495357513428
68,6.8,6.8999999999999995,44797,0.002958984375,0.7310585379600525,0.2703465521335602
69,6.8999999999999995,7.0,44672,0.00265625,0.7310585379600525,0.27022087574005127
70,7.0,7.1,42525,0.0022395833333333334,0.7310585379600525,0.2700686752796173
71,7.1,7.199999999999999,43647,0.0023111979166666667,0.7310585379600525,0.27008891105651855
72,7.199999999999999,7.3,44253,0.0031412760416666668,0.7310584783554077,0.2704981863498688
73,7.3,7.3999999999999995,42806,0.005335286458333333,0.7310585379600525,0.27146703004837036
74,7.3999999999999995,7.5,43185,0.0010514322916666667,0.7310585379600525,0.2694995403289795
75,7.5,7.6,44168,0.002223307291666667,0.7310585379600525,0.2699648439884186
76,7.6,7.699999999999999,41881,0.002646484375,0.7310585379600525,0.2702055871486664
77,7.699999999999999,7.8,41566,0.0030696614583333335,0.7310584783554077,0.27038007974624634
78,7.8,7.8999999999999995,42599,0.00255859375,0.7310585379600525,0.2701527774333954
79,7.8999999999999995,8.0,41351,0.00251953125,0.7310585379600525,0.2701523005962372
80,8.0,8.1,42201,0.001630859375,0.7310585379600525,0.26976555585861206
81,8.1,8.2,40465,0.0027408854166666666,0.7310585379600525,0.2702704966068268
82,8.2,8.299999999999999,39055,0.003017578125,0.7310585379600525,0.2704296410083771
83,8.299999999999999,8.4,40299,0.0054361979166666664,0.7310585379600525,0.2714804708957672
84,8.4,8.5,42709,0.02125,0.7310585379600525,0.27882134914398193
85,8.5,8.6,41793,0.00193359375,0.7310585379600525,0.2699093818664551
86,8.6,8.7,42354,0.00203125,0.7310585379600525,0.2699722945690155
87,8.7,8.799999999999999,39644,0.0035611979166666665,0.7310585379600525,0.2706874907016754
88,8.799999999999999,8.9,41866,0.0013899739583333333,0.7310585379600525,0.26969239115715027
89,8.9,9.0,43617,0.0021158854166666665,0.7310585379600525,0.27004337310791016
90,9.0,9.1,43283,0.00076171875,0.7253201007843018,0.26941025257110596
91,9.1,9.2,43557,0.0021028645833333333,0.7310585379600525,0.26999950408935547
92,9.2,9.299999999999999,42934,0.00224609375,0.7310585379600525,0.27009865641593933
93,9.299999999999999,9.4,42045,0.003411458333333333,0.7310585379600525,0.2706107497215271
94,9.4,9.5,43347,0.003720703125,0.7310585379600525,0.2707279622554779
95,9.5,9.6,41974,0.0011165364583333333,0.7310570478439331,0.26958248019218445
96,9.6,9.7,39969,0.0014973958333333334,0.73105388879776,0.2697383165359497
97,9.7,9.799999999999999,40587,0.005182291666666667,0.7310585379600525,0.2714133560657501
98,9.799999999999999,9.9,42243,0.004319661458333333,0.7310585379600525,0.27107253670692444
99,9.9,10.0,43504,0.011393229166666666,0.7310585379600525,0.2742795944213867
100,10.0,10.1,41932,0.0020963541666666665,0.7310585379600525,0.27000752091407776
101,10.1,10.2,41837,0.004586588541666666,0.7310585379600525,0.27111268043518066
102,10.2,10.299999999999999,43453,0.002451171875,0.7310585379600525,0.2701221704483032
103,10.299999999999999,10.4,43991,0.003828125,0.7310585379600525,0.27080008387565613
104,10.4,10.5,42050,0.002151692708333333,0.7310585379600525,0.2700885832309723
105,10.5,10.6,40323,0.00255859375,0.7310585379600525,0.27015817165374756
106,10.6,10.7,39887,0.0019889322916666666,0.7310585379600525,0.2699602544307709
107,10.7,10.799999999999999,40136,0.002685546875,0.7310585379600525,0.270276814699173
108,10.799999999999999,10.9,42166,0.009026692708333334,0.7310585379600525,0.27319297194480896
109,10.9,11.0,43203,0.006497395833333333,0.7310585379600525,0.2720068097114563
110,11.0,11.1,44305,0.003369140625,0.7310585379600525,0.2706010937690735
111,11.1,11.2,44449,0.0042578125,0.7310585379600525,0.27098825573921204
112,11.2,11.299999999999999,42562,0.00724609375,0.7310585379600525,0.2724166512489319
113,11.299999999999999,11.4,41716,0.0042903645833333335,0.7310585379600525,0.2710486054420471
114,11.4,11.5,42670,0.004798177083333333,0.7310585379600525,0.27126026153564453
115,11.5,11.6,42924,0.0038444010416666665,0.7310585379600525,0.27083221077919006
116,11.6,11.7,43154,0.001630859375,0.7310585379600525,0.26976442337036133
117,11.7,11.799999999999999,43682,0.0021223958333333333,0.7310585379600525,0.26998960971832275
118,11.799999999999999,11.899999999999999,43895,0.0016927083333333334,0.7310585379600525,0.26976683735847473
119,11.899999999999999,12.0,43613,0.002210286458333333,0.7310585379600525,0.2699899971485138
120,12.0,12.1,43054,0.002421875,0.7310585379600525,0.27013421058654785
121,12.1,12.2,44976,0.0038444010416666665,0.7310585379600525,0.27071821689605713
122,12.2,12.299999999999999,44981,0.008385416666666666,0.7310585379600525,0.27289581298828125
123,12.299999999999999,12.399999999999999,44685,0.0027018229166666666,0.7310585379600525,0.2702450454235077
124,12.399999999999999,12.5,45533,0.002454427083333333,0.7310585379600525,0.27014872431755066
125,12.5,12.6,44004,0.0030891927083333335,0.7310585379600525,0.27039116621017456
126,12.6,12.7,43228,0.0030989583333333333,0.7310585379600525,0.27047309279441833
127,12.7,12.799999999999999,44796,0.0016861979166666666,0.7310584187507629,0.26983392238616943
128,12.799999999999999,12.899999999999999,45703,0.0023046875,0.7310371398925781,0.2701639235019684
129,12.899999999999999,13.0,42595,0.0025748697916666667,0.7310585379600525,0.2702632546424866
130,13.0,13.1,43678,0.004150390625,0.7310585379600525,0.27112144231796265
131,13.1,13.2,44343,0.011350911458333333,0.7310585379600525,0.27438536286354065
132,13.2,13.299999999999999,44683,0.004319661458333333,0.7310585379600525,0.2710682451725006
133,13.299999999999999,13.399999999999999,44354,0.005302734375,0.7310585379600525,0.2714589536190033
134,13.399999999999999,13.5,44702,0.0040625,0.7310585379600525,0.27096426486968994
135,13.5,13.6,44038,0.0033626302083333334,0.7310585379600525,0.27052566409111023
136,13.6,13.7,43248,0.00533203125,0.7310585379600525,0.27147015929222107
137,13.7,13.799999999999999,44542,0.004296875,0.7310585379600525,0.27100545167922974
138,13.799999999999999,13.899999999999999,44946,0.004169921875,0.7310585379600525,0.27107447385787964
139,13.899999999999999,14.0,44264,0.005872395833333334,0.7310585379600525,0.27178773283958435
140,14.0,14.1,43309,0.004313151041666667,0.7310585379600525,0.27111923694610596
141,14.1,14.2,42454,0.0035709635416666667,0.7310585379600525,0.2707161009311676
142,14.2,14.299999999999999,40624,0.002236328125,0.7310585379600525,0.2700674831867218
143,14.299999999999999,14.399999999999999,38376,0.00220703125,0.7310584783554077,0.27011746168136597
144,14.399999999999999,14.5,38154,0.0020963541666666665,0.7310585379600525,0.26997971534729004
145,14.5,14.6,38909,0.0025846354166666665,0.7310585379600525,0.2703334093093872
146,14.6,14.7,39486,0.006982421875,0.7310585379600525,0.27229636907577515
147,14.7,14.799999999999999,40011,0.006396484375,0.7310585379600525,0.2721635699272156
148,14.799999999999999,14.899999999999999,41877,0.0066569010416666664,0.7310585379600525,0.2722676396369934
149,14.899999999999999,15.0,42080,0.00685546875,0.7310585379600525,0.2722015976905823
150,15.0,15.1,43306,0.002890625,0.7310585379600525,0.2703830897808075
151,15.1,15.2,44515,0.0021126302083333335,0.7310585379600525,0.2700686752796173
152,15.2,15.299999999999999,45799,0.0036197916666666666,0.7310585379600525,0.27070382237434387
153,15.299999999999999,15.399999999999999,45346,0.0012727864583333332,0.7310585379600525,0.2696387767791748
154,15.399999999999999,15.5,46211,0.001025390625,0.7310585379600525,0.26945760846138
155,15.5,15.6,45799,0.00458984375,0.7310585379600525,0.2711399793624878
156,15.6,15.7,46261,0.014069010416666666,0.7310585379600525,0.27552562952041626
157,15.7,15.799999999999999,46142,0.011741536458333333,0.7310585379600525,0.2744341194629669
158,15.799999999999999,15.899999999999999,45568,0.010029296875,0.7310585379600525,0.27366316318511963
159,15.899999999999999,16.0,45384,0.006477864583333334,0.7310585379600525,0.2720012366771698
160,16.0,16.099999999999998,44888,0.00806640625,0.7310585379600525,0.2726778984069824
161,16.099999999999998,16.2,44453,0.005670572916666667,0.7310585379600525,0.271531879901886
162,16.2,16.3,44460,0.00032877604166666667,0.7310581803321838,0.26911661028862
163,16.3,16.4,44561,0.0014420572916666666,0.7310585379600525,0.26962029933929443
164,16.4,16.5,44196,0.00036458333333333335,0.7310585379600525,0.26914355158805847
165,16.5,16.599999999999998,44212,0.007060546875,0.7310585379600525,0.2722388207912445
166,16.599999999999998,16.7,43338,0.0003255208333333333,0.7310582995414734,0.2691109776496887
167,16.7,16.8,42206,0.000322265625,0.73105788230896,0.26910915970802307
168,16.8,16.9,41911,0.0003352864583333333,0.7310582995414734,0.2691200077533722
169,16.9,17.0,41411,0.011627604166666666,0.7310585379600525,0.27422603964805603
170,17.0,17.099999999999998,40599,0.0002897135416666667,0.7310581207275391,0.2690995931625366
171,17.099999999999998,17.2,40649,0.0003255208333333333,0.7310583591461182,0.2691289782524109
172,17.2,17.3,40253,0.00033203125,0.7310584187507629,0.2691180408000946
173,17.3,17.4,38929,0.00046223958333333333,0.7310582995414734,0.2691858112812042
174,17.4,17.5,39221,0.0019173177083333334,0.7310585379600525,0.26993685960769653
175,17.5,17.599999999999998,38894,0.00037760416666666666,0.7310585379600525,0.26913678646087646
176,17.599999999999998,17.7,37931,0.00023763020833333335,0.7310585379600525,0.26906871795654297
177,17.7,17.8,37307,0.00027018229166666667,0.7310582995414734,0.2690792977809906
178,17.8,17.9,36573,0.0002734375,0.7310582399368286,0.2691040337085724
179,17.9,18.0,36107,0.0002571614583333333,0.7310582995414734,0.269118994474411
180,18.0,18.099999999999998,34296,0.00024739583333333335,0.7310585379600525,0.2691291272640228
181,18.099999999999998,18.2,34710,0.0002766927083333333,0.7310585379600525,0.26911187171936035
182,18.2,18.3,33239,0.0003938802083333333,0.7310585379600525,0.269166499376297
183,18.3,18.4,32078,0.0007194010416666667,0.7310566306114197,0.26935112476348877
184,18.4,18.5,34272,0.001123046875,0.7310585379600525,0.269573837518692
185,18.5,18.599999999999998,33608,0.0035774739583333335,0.7310585379600525,0.27071353793144226
186,18.599999999999998,18.7,35918,0.002939453125,0.7310585379600525,0.27039146423339844
187,18.7,18.8,36401,0.000146484375,0.7310569286346436,0.2690611779689789
188,18.8,18.9,37661,0.00021809895833333333,0.73105388879776,0.26910045742988586
189,18.9,19.0,38797,0.0023893229166666668,0.7310585379600525,0.27013319730758667
190,19.0,19.099999999999998,39815,0.0017740885416666667,0.7310585379600525,0.26990148425102234
191,19.099999999999998,19.2,41383,0.009342447916666666,0.7310585379600525,0.27334079146385193
192,19.2,19.3,42557,0.008502604166666667,0.7310585379600525,0.27293264865875244
193,19.3,19.4,43168,0.00021158854166666667,0.7310585379600525,0.26915299892425537
194,19.4,19.5,43832,0.000361328125,0.7310584783554077,0.2691570818424225
195,19.5,19.599999999999998,44409,0.014977213541666666,0.7310585379600525,0.2759127914905548
196,19.599999999999998,19.7,44283,0.00064453125,0.7310585379600525,0.26928168535232544
197,19.7,19.8,44528,0.0018587239583333333,0.7310585379600525,0.2698846459388733
198,19.8,19.9,45582,0.0029264322916666666,0.7310585379600525,0.27039530873298645
199,19.9,20.0,46163,0.0105859375,0.7310585379600525,0.27392587065696716
200,20.0,20.099999999999998,45983,0.014182942708333333,0.7310585379600525,0.27558332681655884
201,20.099999999999998,20.2,44200,0.008909505208333333,0.7310585379600525,0.2731388807296753
202,20.2,20.3,46944,0.00107421875,0.7310585379600525,0.2694912850856781
203,20.3,20.4,46246,0.0034505208333333332,0.7310585379600525,0.2706507742404938
204,20.4,20.5,46816,0.00042643229166666665,0.7310575842857361,0.2691672444343567
205,20.5,20.599999999999998,47417,0.0008951822916666666,0.7310585379600525,0.26938432455062866
206,20.599999999999998,20.7,45912,0.0009016927083333333,0.7310585379600525,0.26938241720199585
207,20.7,20.8,47204,0.000986328125,0.7310585379600525,0.2694290578365326
208,20.8,20.9,47105,0.0015397135416666667,0.7310585379600525,0.269686758518219
209,20.9,21.0,46793,0.0025390625,0.7310585379600525,0.27015623450279236
210,21.0,21.099999999999998,46870,0.0035579427083333335,0.7310585379600525,0.27059999108314514
211,21.099999999999998,21.2,43777,0.0033821614583333334,0.7310585379600525,0.27051690220832825
212,21.2,21.3,43441,0.003909505208333333,0.7310585379600525,0.27075493335723877
213,21.3,21.4,42954,0.005390625,0.7310585379600525,0.2714522182941437
214,21.4,21.5,40755,0.0010188802083333332,0.7310585379600525,0.2694512903690338
215,21.5,21.599999999999998,39847,0.0018001302083333333,0.7310585379600525,0.2698171138763428
216,21.599999999999998,21.7,45941,0.0037760416666666667,0.7310585379600525,0.27071794867515564
217,21.7,21.8,45256,0.0007584635416666666,0.7310585379600525,0.269336074590683
218,21.8,21.9,45712,0.0009049479166666666,0.7310578227043152,0.2694518268108368
219,21.9,22.0,45375,0.00017903645833333332,0.7310563921928406,0.26905518770217896
220,22.0,22.099999999999998,45172,0.000283203125,0.7310577034950256,0.269105464220047
221,22.099999999999998,22.2,46411,0.00024088541666666667,0.7310577034950256,0.26908862590789795
222,22.2,22.3,46716,0.0011263020833333333,0.7310585379600525,0.2694771885871887
223,22.3,22.4,46740,0.0003125,0.7310481667518616,0.26915568113327026
224,22.4,22.5,46499,0.00033203125,0.7310565710067749,0.26912760734558105
225,22.5,22.599999999999998,45978,0.00012369791666666668,0.7310357689857483,0.26901376247406006
226,22.599999999999998,22.7,45668,0.00041341145833333334,0.7310569286346436,0.26916858553886414
227,22.7,22.8,46488,0.0006803385416666667,0.7310585379600525,0.2693280577659607
228,22.8,22.9,47378,0.001337890625,0.7310585379600525,0.269608736038208
229,22.9,23.0,47713,0.00036458333333333335,0.7310577034950256,0.2691776752471924
230,23.0,23.099999999999998,47814,0.0003125,0.7310571670532227,0.26912471652030945
231,23.099999999999998,23.2,47017,0.00021809895833333333,0.7310531735420227,0.2690788507461548
232,23.2,23.3,45662,0.001064453125,0.7310585379600525,0.2694617807865143
233,23.3,23.4,44126,0.0003483072916666667,0.7310584187507629,0.2691354751586914
234,23.4,23.5,43291,0.0003352864583333333,0.7310585379600525,0.2691710591316223
235,23.5,23.599999999999998,43601,0.00037109375,0.7310585379600525,0.2691786289215088
236,23.599999999999998,23.7,43354,0.000380859375,0.7310585379600525,0.26919057965278625
237,23.7,23.799999999999997,43413,0.0003255208333333333,0.7310394644737244,0.26918700337409973
238,23.799999999999997,23.9,44484,0.00030598958333333335,0.730701744556427,0.269145667552948
239,23.9,24.0,45154,0.00023763020833333335,0.7310585379600525,0.2691221833229065
240,24.0,24.099999999999998,43470,0.000263671875,0.7310584783554077,0.2691154181957245
241,24.099999999999998,24.2,41581,0.00036458333333333335,0.7310585379600525,0.2691551148891449
242,24.2,24.299999999999997,42627,0.0014811197916666666,0.7310585379600525,0.26963916420936584
243,24.299999999999997,24.4,45325,0.0004557291666666667,0.7310585379600525,0.2691742777824402
244,24.4,24.5,46427,0.00014973958333333332,0.7309771776199341,0.26904579997062683
245,24.5,24.599999999999998,46228,0.000146484375,0.7310435771942139,0.26912862062454224
246,24.599999999999998,24.7,45347,0.00013020833333333333,0.7303354144096375,0.2690751850605011
247,24.7,24.799999999999997,45138,0.00023111979166666666,0.7307292222976685,0.2691352367401123
248,24.799999999999997,24.9,44646,0.00019856770833333334,0.7310286164283752,0.2690834701061249
249,24.9,25.0,44685,0.00024088541666666667,0.7310498356819153,0.2691100537776947
250,25.0,25.099999999999998,45543,0.00013346354166666666,0.7310031652450562,0.2690468430519104
251,25.099999999999998,25.2,46642,0.00012369791666666668,0.7301482558250427,0.26902785897254944
252,25.2,25.299999999999997,46726,0.000185546875,0.7307928800582886,0.26907724142074585
253,25.299999999999997,25.4,46183,0.00030598958333333335,0.7310546040534973,0.26913779973983765
254,25.4,25.5,45050,0.000302734375,0.7310494184494019,0.26914647221565247
255,25.5,25.599999999999998,44274,0.00019856770833333334,0.7310473322868347,0.26905035972595215
256,25.599999999999998,25.7,44109,0.00021809895833333333,0.7310585379600525,0.269105464220047
257,25.7,25.799999999999997,44608,0.000576171875,0.7310575842857361,0.269319623708725
258,25.799999999999997,25.9,45206,0.0012760416666666666,0.7310584783554077,0.26959720253944397
259,25.9,26.0,45472,0.0004915364583333333,0.7310577034950256,0.26925498247146606
260,26.0,26.099999999999998,45402,0.0006998697916666667,0.7310548424720764,0.2694454491138458
261,26.099999999999998,26.2,45137,0.0005924479166666667,0.7310554385185242,0.2692713439464569
262,26.2,26.299999999999997,44011,0.0010970052083333333,0.7310584783554077,0.2695082724094391
263,26.299999999999997,26.4,43587,0.0016634114583333334,0.7310585379600525,0.26974982023239136
264,26.4,26.5,43586,0.00115234375,0.7310585379600525,0.26953133940696716
265,26.5,26.599999999999998,45229,0.0004752604166666667,0.7310557961463928,0.2692287266254425
266,26.599999999999998,26.7,46446,0.0010221354166666666,0.7310585379600525,0.2695656716823578
267,26.7,26.799999999999997,46997,0.0036783854166666666,0.7310585379600525,0.27072674036026
268,26.799999999999997,26.9,45769,0.0020279947916666667,0.7310585379600525,0.26995649933815
269,26.9,27.0,39762,0.009928385416666666,0.7310585379600525,0.27355462312698364
270,27.0,27.099999999999998,44810,0.009720052083333333,0.7310585379600525,0.27351805567741394
271,27.099999999999998,27.2,47051,0.01220703125,0.7310585379600525,0.2747019827365875
272,27.2,27.299999999999997,45655,0.010296223958333333,0.7310585379600525,0.2737622857093811
273,27.299999999999997,27.4,41729,0.009244791666666667,0.7310585379600525,0.27331987023353577
274,27.4,27.5,39232,0.012265625,0.7310585379600525,0.2747032344341278
275,27.5,27.599999999999998,43219,0.011819661458333333,0.7310585379600525,0.2745046317577362
276,27.599999999999998,27.7,45385,0.011748046875,0.7310585379600525,0.27443644404411316
277,27.7,27.799999999999997,46361,0.007561848958333333,0.7310585379600525,0.2724764943122864
278,27.799999999999997,27.9,45623,0.008102213541666667,0.7310585379600525,0.27275893092155457
279,27.9,28.0,44333,0.010813802083333334,0.7310585379600525,0.274019330739975
280,28.0,28.099999999999998,45106,0.006344401041666667,0.7310585379600525,0.27200818061828613
281,28.099999999999998,28.2,45455,0.004261067708333333,0.7310585379600525,0.2709713876247406
282,28.2,28.299999999999997,45874,0.009957682291666667,0.7310585379600525,0.27372753620147705
283,28.299999999999997,28.4,45779,0.011100260416666667,0.7310585379600525,0.27421191334724426
284,28.4,28.5,45675,0.006370442708333333,0.7310585379600525,0.2719862759113312
285,28.5,28.599999999999998,43825,0.0065299479166666665,0.7310585379600525,0.2720329761505127
286,28.599999999999998,28.7,44054,0.004967447916666667,0.7310585379600525,0.2712712287902832
287,28.7,28.799999999999997,44124,0.004029947916666667,0.7310585379600525,0.2708694636821747
288,28.799999999999997,28.9,43043,0.005563151041666666,0.7310585379600525,0.2715621292591095
289,28.9,29.0,43463,0.003942057291666667,0.7310585379600525,0.2708709239959717
290,29.0,29.099999999999998,43013,0.004850260416666667,0.7310585379600525,0.2712700366973877
291,29.099999999999998,29.2,43672,0.005048828125,0.7310585379600525,0.2713218033313751
292,29.2,29.299999999999997,43753,0.005296223958333333,0.7310585379600525,0.27148738503456116
293,29.299999999999997,29.4,43554,0.004830729166666666,0.7310585379600525,0.27120229601860046
294,29.4,29.5,43853,0.003951822916666667,0.7310585379600525,0.27080053091049194
295,29.5,29.599999999999998,44613,0.005335286458333333,0.7310585379600525,0.2713957130908966
296,29.599999999999998,29.7,45245,0.003668619791666667,0.7310585379600525,0.270647794008255
297,29.7,29.799999999999997,45619,0.0042122395833333335,0.7310585379600525,0.27095749974250793
298,29.799999999999997,29.9,42312,0.003623046875,0.7310585379600525,0.27063849568367004
299,29.9,30.0,37799,0.002451171875,0.7310585379600525,0.2700992822647095
300,30.0,30.099999999999998,40045,0.003880208333333333,0.7310585379600525,0.2707612216472626
301,30.099999999999998,30.2,44505,0.0024088541666666668,0.7310585379600525,0.27014100551605225
302,30.2,30.299999999999997,44938,0.0032747395833333335,0.7310585379600525,0.27051806449890137
303,30.299999999999997,30.4,44527,0.004029947916666667,0.7310585379600525,0.2708374559879303
304,30.4,30.5,44341,0.0025455729166666665,0.7310585379600525,0.27019402384757996
305,30.5,30.599999999999998,43491,0.00216796875,0.7310585379600525,0.27006325125694275
306,30.599999999999998,30.7,43907,0.002529296875,0.7310585379600525,0.27022773027420044
307,30.7,30.799999999999997,44260,0.0019108072916666668,0.7310584783554077,0.26996174454689026
308,30.799999999999997,30.9,44925,0.0005989583333333333,0.7310584783554077,0.26938027143478394
309,30.9,31.0,44712,0.00020182291666666667,0.7310550808906555,0.26918119192123413
310,31.0,31.099999999999998,44732,0.00047200520833333334,0.731054961681366,0.26925817131996155
311,31.099999999999998,31.2,45056,0.00044921875,0.7310555577278137,0.2692166268825531
312,31.2,31.299999999999997,45616,0.0008365885416666667,0.7310566902160645,0.26936089992523193
313,31.299999999999997,31.4,45942,0.0009309895833333334,0.7310582399368286,0.2694399356842041
314,31.4,31.5,45720,0.0009505208333333334,0.7310582399368286,0.2694152295589447
315,31.5,31.599999999999998,46007,0.0008561197916666667,0.7310585379600525,0.2693743109703064
316,31.599999999999998,31.7,46428,0.000771484375,0.7310583591461182,0.2694026827812195
317,31.7,31.799999999999997,46522,0.0009505208333333334,0.7310585379600525,0.2694645822048187
318,31.799999999999997,31.9,46255,0.000712890625,0.7310585379600525,0.26934269070625305
319,31.9,32.0,46467,0.000888671875,0.7310585379600525,0.26941925287246704
320,32.0,32.1,47092,0.0006477864583333333,0.7310584187507629,0.2693381607532501
321,32.1,32.199999999999996,46743,0.0008203125,0.7310583591461182,0.2693757712841034
322,32.199999999999996,32.3,44288,0.000791015625,0.7310585379600525,0.26938632130622864
323,32.3,32.4,44941,0.00078125,0.7310572266578674,0.2693970501422882
324,32.4,32.5,42494,0.00095703125,0.7310577630996704,0.26945310831069946
325,32.5,32.6,40620,0.00173828125,0.7310585379600525,0.269788533449173
326,32.6,32.699999999999996,36927,0.0010319010416666666,0.7310585379600525,0.2694739103317261
327,32.699999999999996,32.8,41329,0.001259765625,0.7310585379600525,0.2695896029472351
328,32.8,32.9,37475,0.0013053385416666667,0.7310575842857361,0.2695760726928711
329,32.9,33.0,35678,0.000732421875,0.7310529351234436,0.2693589925765991
330,33.0,33.1,35438,0.0008951822916666666,0.731055498123169,0.26939857006073
331,33.1,33.199999999999996,36235,0.0006510416666666666,0.7310579419136047,0.2693442404270172
332,33.199999999999996,33.3,37481,0.001123046875,0.7310540676116943,0.26958373188972473
333,33.3,33.4,39880,0.001171875,0.7298396825790405,0.2695655822753906
334,33.4,33.5,41013,0.001943359375,0.7310014963150024,0.2699025869369507
335,33.5,33.6,41070,0.00173828125,0.7310584187507629,0.26979565620422363
336,33.6,33.699999999999996,39797,0.0019921875,0.7310585379600525,0.2699618935585022
337,33.699999999999996,33.8,39648,0.0020279947916666667,0.7310585379600525,0.2699356973171234
338,33.8,33.9,39956,0.001591796875,0.7310569286346436,0.2697427570819855
339,33.9,34.0,39998,0.001998697916666667,0.7310582995414734,0.26994821429252625
340,34.0,34.1,39457,0.0010970052083333333,0.7310584783554077,0.2695423364639282
341,34.1,34.199999999999996,38433,0.0033561197916666665,0.7310585379600525,0.2705753445625305
342,34.199999999999996,34.3,37674,0.0037890625,0.7310585379600525,0.27071908116340637
343,34.3,34.4,37317,0.001005859375,0.73105788230896,0.26947566866874695
344,34.4,34.5,37142,0.00109375,0.7310532927513123,0.2695217430591583
345,34.5,34.6,38779,0.0016666666666666668,0.7310585379600525,0.2697818875312805
346,34.6,34.699999999999996,42176,0.0008365885416666667,0.7310556173324585,0.2694072723388672
347,34.699999999999996,34.8,43847,0.00076171875,0.7310585379600525,0.2693316340446472
348,34.8,34.9,43970,0.0008365885416666667,0.7310551404953003,0.2694137990474701
349,34.9,35.0,44583,0.0005078125,0.7310584783554077,0.26925966143608093
350,35.0,35.1,45208,0.002679036458333333,0.7310585379600525,0.2703006863594055
351,35.1,35.199999999999996,43543,0.0009244791666666667,0.731025218963623,0.2694511413574219
352,35.199999999999996,35.3,40792,0.0006673177083333333,0.7310585379600525,0.26927584409713745
353,35.3,35.4,43952,0.0015201822916666666,0.7310585379600525,0.2697318196296692
354,35.4,35.5,44138,0.0005924479166666667,0.7294674515724182,0.2692548632621765
355,35.5,35.6,39392,0.001298828125,0.7310585379600525,0.269665002822876
356,35.6,35.699999999999996,42136,0.002607421875,0.7310585379600525,0.27022749185562134
357,35.699999999999996,35.8,41339,0.003115234375,0.7310585379600525,0.27050653100013733
358,35.8,35.9,42736,0.005042317708333333,0.7310585379600525,0.2712915241718292
359,35.9,36.0,42959,0.005748697916666667,0.7310585379600525,0.27163928747177124
360,36.0,36.1,41422,0.0033430989583333333,0.7310585379600525,0.27058956027030945
361,36.1,36.199999999999996,42906,0.0026822916666666666,0.7310585379600525,0.27030259370803833
362,36.199999999999996,36.3,43973,0.003981119791666667,0.7310585379600525,0.27091261744499207
363,36.3,36.4,43996,0.007265625,0.7310585379600525,0.2723442316055298
364,36.4,36.5,44471,0.001533203125,0.7310585379600525,0.26971888542175293
365,36.5,36.6,45454,0.0009049479166666666,0.7310585379600525,0.26947879791259766
366,36.6,36.699999999999996,45312,0.0014680989583333334,0.7310585379600525,0.2696961462497711
367,36.699999999999996,36.8,44629,0.001966145833333333,0.7310585379600525,0.2699934244155884
368,36.8,36.9,44820,0.0014453125,0.7310585379600525,0.26966744661331177
369,36.9,37.0,45337,0.0012565104166666666,0.7310585379600525,0.26960518956184387
370,37.0,37.1,44397,0.002509765625,0.7310585379600525,0.2702086865901947
371,37.1,37.199999999999996,44566,0.0038834635416666666,0.7310585379600525,0.2708689570426941
372,37.199999999999996,37.3,43921,0.0031640625,0.7310585379600525,0.27047044038772583
373,37.3,37.4,43339,0.002294921875,0.7310585379600525,0.27008429169654846
374,37.4,37.5,44294,0.00255859375,0.7310585379600525,0.270168662071228
375,37.5,37.6,45350,0.0022721354166666667,0.7310585379600525,0.2700679898262024
376,37.6,37.699999999999996,42810,0.001474609375,0.7310585379600525,0.2696898281574249
377,37.699999999999996,37.8,42341,0.0020638020833333333,0.7310585379600525,0.27003979682922363
378,37.8,37.9,44268,0.002451171875,0.7310585379600525,0.27019232511520386
379,37.9,38.0,44445,0.0018619791666666667,0.7310585379600525,0.2698594629764557
380,38.0,38.1,43894,0.00119140625,0.7310585379600525,0.26956671476364136
381,38.1,38.199999999999996,40280,0.001494140625,0.7310585379600525,0.26968950033187866
382,38.199999999999996,38.3,42103,0.0014583333333333334,0.7310585379600525,0.2696811258792877
383,38.3,38.4,43106,0.00171875,0.7310581803321838,0.26983290910720825
384,38.4,38.5,41612,0.0031901041666666666,0.7310585379600525,0.2704581320285797
385,38.5,38.6,40865,0.0019303385416666666,0.7310585379600525,0.2698616683483124
386,38.6,38.699999999999996,40701,0.0017610677083333332,0.7310584783554077,0.26977184414863586
387,38.699999999999996,38.8,39761,0.0021614583333333334,0.7310585379600525,0.2699902355670929
388,38.8,38.9,42373,0.001748046875,0.7310585379600525,0.26990193128585815
389,38.9,39.0,43554,0.0022721354166666667,0.7310585379600525,0.27012965083122253
390,39.0,39.1,43166,0.002750651041666667,0.7310585379600525,0.2703273892402649
391,39.1,39.199999999999996,44368,0.003447265625,0.7310585379600525,0.2705581486225128
392,39.199999999999996,39.3,42703,0.0036458333333333334,0.7310585379600525,0.2707216739654541
393,39.3,39.4,40582,0.0014811197916666666,0.7310585379600525,0.26973089575767517
394,39.4,39.5,39165,0.0023014322916666665,0.7310584783554077,0.27010947465896606
395,39.5,39.6,40060,0.0022591145833333335,0.7310585379600525,0.27005669474601746
396,39.6,39.699999999999996,41412,0.0015657552083333333,0.7310585379600525,0.2696976363658905
397,39.699999999999996,39.8,42363,0.0032584635416666665,0.7310585379600525,0.2704719007015228
398,39.8,39.9,44962,0.0024837239583333334,0.7310585379600525,0.2701541781425476
399,39.9,40.0,46821,0.0030013020833333333,0.7310585379600525,0.27033692598342896
400,40.0,40.1,44546,0.0024967447916666666,0.7310585379600525,0.2701413035392761
401,40.1,40.199999999999996,44234,0.002314453125,0.7310585379600525,0.27007371187210083
402,40.199999999999996,40.3,45314,0.002353515625,0.7310585379600525,0.2700611650943756
403,40.3,40.4,42792,0.0014095052083333334,0.7310585379600525,0.26964470744132996
404,40.4,40.5,39775,0.0016341145833333333,0.7310585379600525,0.26972609758377075
405,40.5,40.6,42588,0.0022200520833333334,0.7310585379600525,0.27004995942115784
406,40.6,40.699999999999996,41996,0.0012760416666666666,0.7310585379600525,0.26962774991989136
407,40.699999999999996,40.8,43963,0.0010481770833333333,0.7310462594032288,0.26950764656066895
408,40.8,40.9,45180,0.0038313802083333333,0.7310585379600525,0.27076685428619385
409,40.9,41.0,43394,0.0037239583333333335,0.7310585379600525,0.2707118093967438
410,41.0,41.1,41788,0.0037467447916666665,0.7310585379600525,0.2707260847091675
411,41.1,41.199999999999996,44048,0.001787109375,0.7310585379600525,0.26982709765434265
412,41.199999999999996,41.3,43679,0.006598307291666667,0.7310585379600525,0.2720396816730499
413,41.3,41.4,44667,0.0027897135416666665,0.7310585379600525,0.2702619433403015
414,41.4,41.5,45699,0.0031966145833333334,0.7310585379600525,0.2705002725124359
415,41.5,41.6,44196,0.00220703125,0.7310585379600525,0.2700577676296234
416,41.6,41.699999999999996,42658,0.003352864583333333,0.7310585379600525,0.27054327726364136
417,41.699999999999996,41.8,44782,0.0019173177083333334,0.7310585379600525,0.26986002922058105
418,41.8,41.9,43695,0.0023990885416666666,0.7310585379600525,0.27011603116989136
419,41.9,42.0,43643,0.0026953125,0.7310585379600525,0.27028074860572815
420,42.0,42.1,44024,0.0021647135416666668,0.7310585379600525,0.2699766755104065
421,42.1,42.199999999999996,43846,0.0019205729166666666,0.7310585379600525,0.2698996365070343
422,42.199999999999996,42.3,45187,0.0024641927083333334,0.7310585379600525,0.2701158821582794
423,42.3,42.4,45857,0.0033365885416666665,0.7310585379600525,0.2705095708370209
424,42.4,42.5,45594,0.0012369791666666666,0.7310585379600525,0.2695763409137726
425,42.5,42.6,45283,0.0007259114583333333,0.7310559153556824,0.2693541347980499
426,42.6,42.699999999999996,45801,0.00083984375,0.7310585379600525,0.2693864703178406
427,42.699999999999996,42.8,45691,0.003430989583333333,0.7310585379600525,0.2705504596233368
428,42.8,42.9,45159,0.004475911458333333,0.7310585379600525,0.2711217999458313
429,42.9,43.0,43398,0.00314453125,0.7310585379600525,0.27043256163597107
430,43.0,43.1,37989,0.002236328125,0.7310584187507629,0.27001336216926575
431,43.1,43.199999999999996,43468,0.001943359375,0.7310585379600525,0.26994261145591736
432,43.199999999999996,43.3,44942,0.0021484375,0.7310585379600525,0.27007195353507996
433,43.3,43.4,45353,0.0004915364583333333,0.7309424877166748,0.26927027106285095
434,43.4,43.5,43927,0.0013151041666666667,0.7310491800308228,0.269618421792984
435,43.5,43.6,44205,0.001875,0.7310585379600525,0.2698487341403961
436,43.6,43.699999999999996,44684,0.0062434895833333335,0.7310585379600525,0.27185848355293274
437,43.699999999999996,43.8,43499,0.001005859375,0.7302891612052917,0.2694620192050934
438,43.8,43.9,43956,0.00126953125,0.7309365272521973,0.26958540081977844
439,43.9,44.0,44511,0.0015201822916666666,0.7310585379600525,0.26971137523651123
440,44.0,44.1,44990,0.0019270833333333334,0.7310585379600525,0.26987725496292114
441,44.1,44.199999999999996,44693,0.002890625,0.7310585379600525,0.270445853471756
442,44.199999999999996,44.3,45624,0.0033170572916666665,0.7310585379600525,0.2705557644367218
443,44.3,44.4,44903,0.0030110677083333335,0.7310585379600525,0.2703991234302521
444,44.4,44.5,44711,0.0023404947916666665,0.7310585379600525,0.2701983153820038
445,44.5,44.6,45654,0.002099609375,0.7310585379600525,0.2699669599533081
446,44.6,44.699999999999996,45136,0.002421875,0.7310585379600525,0.2701212763786316
447,44.699999999999996,44.8,44782,0.0022330729166666666,0.7310585379600525,0.2700648009777069
448,44.8,44.9,45660,0.0022005208333333334,0.7310585379600525,0.27012261748313904
449,44.9,45.0,45304,0.002841796875,0.7310585379600525,0.2703552842140198
450,45.0,45.1,45157,0.0036848958333333334,0.7310585379600525,0.27071985602378845
451,45.1,45.199999999999996,44480,0.0030078125,0.7310585379600525,0.27037137746810913
452,45.199999999999996,45.3,42677,0.0026497395833333334,0.7310585379600525,0.2702069878578186
453,45.3,45.4,42504,0.001904296875,0.7310585379600525,0.2699131667613983
454,45.4,45.5,42089,0.0017610677083333332,0.7310585379600525,0.26981067657470703
455,45.5,45.6,41439,0.00109375,0.7310585379600525,0.2695063650608063
456,45.6,45.699999999999996,41390,0.0013932291666666667,0.7310585379600525,0.2696898281574249
457,45.699999999999996,45.8,43190,0.0019010416666666668,0.7310585379600525,0.27004697918891907
458,45.8,45.9,44924,0.001979166666666667,0.7310585379600525,0.2699597477912903
459,45.9,46.0,45164,0.0015592447916666667,0.7310583591461182,0.2697261571884155
460,46.0,46.1,44648,0.006569010416666667,0.7310585379600525,0.2720809578895569
461,46.1,46.199999999999996,44737,0.004436848958333333,0.7310585379600525,0.2710226774215698
462,46.199999999999996,46.3,46572,0.012659505208333333,0.7310585379600525,0.27484241127967834
463,46.3,46.4,46417,0.00443359375,0.7310585379600525,0.27104753255844116
464,46.4,46.5,46272,0.006640625,0.7310585379600525,0.2721696197986603
465,46.5,46.6,46014,0.009098307291666666,0.7310585379600525,0.2732833921909332
466,46.6,46.699999999999996,45900,0.006315104166666667,0.7310585379600525,0.2720343768596649
467,46.699999999999996,46.8,45975,0.010921223958333334,0.7310585379600525,0.27403467893600464
468,46.8,46.9,46281,0.009729817708333333,0.7310585379600525,0.2735690176486969
469,46.9,47.0,45616,0.0038216145833333335,0.7310585379600525,0.27073660492897034
470,47.0,47.1,46002,0.00427734375,0.7310585379600525,0.2710886597633362
471,47.1,47.199999999999996,46040,0.004420572916666666,0.7310585379600525,0.271068274974823
472,47.199999999999996,47.3,46434,0.004462890625,0.7310585379600525,0.2711418569087982
473,47.3,47.4,46573,0.005074869791666666,0.7310585379600525,0.27135908603668213
474,47.4,47.5,46532,0.005094401041666667,0.7310585379600525,0.2713248133659363
475,47.5,47.599999999999994,46208,0.0040234375,0.7310585379600525,0.27093151211738586
476,47.599999999999994,47.699999999999996,45838,0.00474609375,0.7310585379600525,0.2711820602416992
477,47.699999999999996,47.8,45861,0.005087890625,0.7310585379600525,0.2713486850261688
478,47.8,47.9,45865,0.005400390625,0.7310585379600525,0.27144181728363037
479,47.9,48.0,46660,0.004788411458333333,0.7310585379600525,0.27118465304374695
480,48.0,48.099999999999994,46779,0.004833984375,0.7310585379600525,0.27120617032051086
481,48.099999999999994,48.199999999999996,46018,0.004638671875,0.7310585379600525,0.27118611335754395
482,48.199999999999996,48.3,45651,0.003860677083333333,0.7310585379600525,0.270811527967453
483,48.3,48.4,45945,0.00400390625,0.7310585379600525,0.2708742320537567
484,48.4,48.5,45894,0.005283203125,0.7310585379600525,0.2713726758956909
485,48.5,48.599999999999994,45771,0.00556640625,0.7310585379600525,0.27150648832321167
486,48.599999999999994,48.699999999999996,45812,0.006236979166666667,0.7310585379600525,0.2718276381492615
487,48.699999999999996,48.8,45956,0.005673828125,0.7310585379600525,0.27159416675567627
488,48.8,48.9,46056,0.005725911458333333,0.7310585379600525,0.27162644267082214
489,48.9,49.0,46712,0.006878255208333333,0.7310585379600525,0.2721502184867859
490,49.0,49.099999999999994,45855,0.005478515625,0.7310585379600525,0.2714701294898987
491,49.099999999999994,49.199999999999996,45477,0.005533854166666667,0.7310585379600525,0.27155816555023193
492,49.199999999999996,49.3,46620,0.004137369791666666,0.7310585379600525,0.27096202969551086
493,49.3,49.4,46283,0.004602864583333333,0.7310585379600525,0.2711160182952881
494,49.4,49.5,46672,0.004645182291666667,0.7310585379600525,0.271089643239975
495,49.5,49.599999999999994,45894,0.004677734375,0.7310585379600525,0.2711701989173889
496,49.599999999999994,49.699999999999996,45687,0.003990885416666667,0.7310585379600525,0.2708081007003784
497,49.699999999999996,49.8,46692,0.006396484375,0.7310585379600525,0.271890252828598
498,49.8,49.9,45637,0.00466796875,0.7310585379600525,0.27112191915512085
499,49.9,50.0,45665,0.0041015625,0.7310585379600525,0.2709307372570038
500,50.0,50.099999999999994,44722,0.00474609375,0.7310585379600525,0.271119087934494
501,50.099999999999994,50.199999999999996,44238,0.0034342447916666666,0.7310585379600525,0.27060556411743164
502,50.199999999999996,50.3,44982,0.0033561197916666665,0.7310585379600525,0.2705487608909607
503,50.3,50.4,45749,0.004401041666666667,0.7310585379600525,0.2710168957710266
504,50.4,50.5,45715,0.00427734375,0.7310585379600525,0.2709512710571289
505,50.5,50.599999999999994,46460,0.003147786458333333,0.7310585379600525,0.2704411447048187
506,50.599999999999994,50.699999999999996,45937,0.0032552083333333335,0.7310585379600525,0.2705044746398926
507,50.699999999999996,50.8,46832,0.0035286458333333333,0.7310585379600525,0.2705666124820709
508,50.8,50.9,46584,0.0021744791666666666,0.7310584783554077,0.27001944184303284
509,50.9,51.0,46007,0.002223307291666667,0.7310585379600525,0.2700045704841614
510,51.0,51.099999999999994,46254,0.003675130208333333,0.7310585379600525,0.2706950306892395
511,51.099999999999994,51.199999999999996,46505,0.0035384114583333335,0.7310585379600525,0.27060630917549133
512,51.199999999999996,51.3,46318,0.002734375,0.7310585379600525,0.2702564001083374
513,51.3,51.4,45749,0.0024576822916666666,0.7310585379600525,0.270146906375885
514,51.4,51.5,45646,0.0024967447916666666,0.7310585379600525,0.2701607346534729
515,51.5,51.599999999999994,45382,0.0024641927083333334,0.7310585379600525,0.2701247036457062
516,51.599999999999994,51.699999999999996,45582,0.002421875,0.7310585379600525,0.27014514803886414
517,51.699999999999996,51.8,44828,0.002861328125,0.7310585379600525,0.270346999168396
518,51.8,51.9,46526,0.0038151041666666667,0.7310585379600525,0.27076455950737
519,51.9,52.0,45556,0.0029622395833333332,0.7310585379600525,0.27039098739624023
520,52.0,52.099999999999994,45676,0.0018912760416666668,0.7310585379600525,0.2699214816093445
521,52.099999999999994,52.199999999999996,45410,0.0018424479166666667,0.7310585379600525,0.2698688507080078
522,52.199999999999996,52.3,45768,0.003649088541666667,0.7310585379600525,0.2707144021987915
523,52.3,52.4,45505,0.0017154947916666666,0.7310585379600525,0.26979607343673706
524,52.4,52.5,45643,0.0017708333333333332,0.7310585379600525,0.2698363661766052
525,52.5,52.599999999999994,44458,0.00333984375,0.7310585379600525,0.27060121297836304
526,52.599999999999994,52.699999999999996,44079,0.0021647135416666668,0.7310585379600525,0.27005207538604736
527,52.699999999999996,52.8,44883,0.0019466145833333334,0.7310585379600525,0.2699093222618103
528,52.8,52.9,45147,0.0021940104166666666,0.7310585379600525,0.27004507184028625
529,52.9,53.0,45866,0.0019108072916666668,0.7310585379600525,0.2698606550693512
530,53.0,53.099999999999994,45901,0.0019010416666666668,0.7310585379600525,0.26986929774284363
531,53.099999999999994,53.199999999999996,45906,0.002955729166666667,0.7310585379600525,0.27033716440200806
532,53.199999999999996,53.3,46013,0.005872395833333334,0.7310585379600525,0.2717078924179077
533,53.3,53.4,45099,0.003128255208333333,0.7310585379600525,0.2705324590206146
534,53.4,53.5,45076,0.0025813802083333335,0.7310585379600525,0.27021539211273193
535,53.5,53.599999999999994,44696,0.0036197916666666666,0.7310585379600525,0.27064430713653564
536,53.599999999999994,53.699999999999996,44403,0.004482421875,0.7310585379600525,0.2710326910018921
537,53.699999999999996,53.8,44372,0.004964192708333333,0.7310585379600525,0.27125394344329834
538,53.8,53.9,45839,0.0036393229166666666,0.7310585379600525,0.270670622587204
539,53.9,54.0,43265,0.004075520833333333,0.7310585379600525,0.2708858549594879
540,54.0,54.099999999999994,42585,0.0034375,0.7310585379600525,0.2705709636211395
541,54.099999999999994,54.199999999999996,43811,0.004280598958333334,0.7310585379600525,0.2709835171699524
542,54.199999999999996,54.3,42487,0.002692057291666667,0.7310585379600525,0.2702474892139435
543,54.3,54.4,43112,0.00115234375,0.7310585379600525,0.2695520520210266
544,54.4,54.5,41702,0.0011197916666666667,0.7310585379600525,0.2695317566394806
545,54.5,54.599999999999994,42960,0.002197265625,0.7310585379600525,0.2699822783470154
546,54.599999999999994,54.699999999999996,43779,0.003922526041666667,0.7310585379600525,0.27083176374435425
547,54.699999999999996,54.8,45193,0.00154296875,0.7310585379600525,0.269729882478714
548,54.8,54.9,44719,0.005667317708333334,0.7310585379600525,0.27165326476097107
549,54.9,55.0,42074,0.0023697916666666667,0.7310585379600525,0.2700744867324829
550,55.0,55.099999999999994,43342,0.00265625,0.7310585379600525,0.2702408730983734
551,55.099999999999994,55.199999999999996,42723,0.0038118489583333333,0.7310585379600525,0.27072054147720337
552,55.199999999999996,55.3,41643,0.0022786458333333335,0.7310585379600525,0.27003172039985657
553,55.3,55.4,40836,0.0030208333333333333,0.7310585379600525,0.2704341411590576
554,55.4,55.5,39059,0.0027278645833333334,0.7310585379600525,0.27025851607322693
555,55.5,55.599999999999994,35916,0.0029622395833333332,0.7310585379600525,0.27037811279296875
556,55.599999999999994,55.699999999999996,38089,0.0025520833333333333,0.7310585379600525,0.27017930150032043
557,55.699999999999996,55.8,39709,0.00140625,0.7310585379600525,0.26967453956604004
558,55.8,55.9,39015,0.001376953125,0.731055498123169,0.26966461539268494
559,55.9,56.0,39278,0.0012630208333333332,0.7310585379600525,0.2696414589881897
560,56.0,56.099999999999994,40291,0.0017350260416666666,0.731055736541748,0.26981571316719055
561,56.099999999999994,56.199999999999996,41077,0.0018587239583333333,0.7310585379600525,0.26990365982055664
562,56.199999999999996,56.3,40885,0.001103515625,0.7310585379600525,0.2695223391056061
563,56.3,56.4,35420,0.0023665364583333333,0.7310585379600525,0.2701217234134674
564,56.4,56.5,39320,0.0021158854166666665,0.7310585379600525,0.26998043060302734
565,56.5,56.599999999999994,43186,0.0032421875,0.7310585379600525,0.27051642537117004
566,56.599999999999994,56.699999999999996,44216,0.005146484375,0.7310585379600525,0.27136722207069397
567,56.699999999999996,56.8,45194,0.0020345052083333335,0.7310585379600525,0.26994314789772034
568,56.8,56.9,43363,0.0016764322916666666,0.7310585379600525,0.26977235078811646
569,56.9,57.0,42481,0.00216796875,0.7310585379600525,0.26998379826545715
570,57.0,57.099999999999994,45083,0.002822265625,0.7310585379600525,0.27031800150871277
571,57.099999999999994,57.199999999999996,46120,0.0023795572916666665,0.7310585379600525,0.2700898349285126
572,57.199999999999996,57.3,46036,0.002262369791666667,0.7310585379600525,0.27002134919166565
573,57.3,57.4,46500,0.004755859375,0.7310585379600525,0.2711886465549469
574,57.4,57.5,46845,0.0028743489583333334,0.7310585379600525,0.2703249752521515
575,57.5,57.599999999999994,47444,0.002955729166666667,0.7310585379600525,0.2703264355659485
576,57.599999999999994,57.699999999999996,47330,0.0029524739583333334,0.7310585379600525,0.2703370749950409
577,57.699999999999996,57.8,47214,0.0025032552083333335,0.7310585379600525,0.2701394557952881
578,57.8,57.9,46842,0.0021614583333333334,0.7310585379600525,0.2700060307979584
579,57.9,58.0,46533,0.00208984375,0.7310585379600525,0.2699708044528961
580,58.0,58.099999999999994,44890,0.0022330729166666666,0.7310585379600525,0.270081490278244
581,58.099999999999994,58.199999999999996,46930,0.0021061197916666667,0.7310585379600525,0.2699655294418335
582,58.199999999999996,58.3,46535,0.003128255208333333,0.7310585379600525,0.2704714238643646
583,58.3,58.4,44770,0.0037174479166666666,0.7310585379600525,0.2707104980945587
584,58.4,58.5,44343,0.0030989583333333333,0.7310585379600525,0.27043038606643677
585,58.5,58.599999999999994,44608,0.0042578125,0.7310585379600525,0.27092719078063965
586,58.599999999999994,58.699999999999996,44857,0.0038020833333333335,0.7310585379600525,0.27081412076950073
587,58.699999999999996,58.8,43643,0.0043326822916666665,0.7310585379600525,0.2710305154323578
588,58.8,58.9,43307,0.004827473958333333,0.7310585379600525,0.27129098773002625
589,58.9,59.0,44899,0.006682942708333334,0.7310585379600525,0.27208197116851807
590,59.0,59.099999999999994,44956,0.0029264322916666666,0.7310585379600525,0.2703350782394409
591,59.099999999999994,59.199999999999996,46472,0.0037890625,0.7310585379600525,0.2706955075263977
592,59.199999999999996,59.3,47349,0.0027473958333333335,0.7310585379600525,0.2702409029006958
593,59.3,59.4,46823,0.0022884114583333333,0.7310585379600525,0.2700430452823639
594,59.4,59.5,45445,0.002454427083333333,0.7310585379600525,0.2700498700141907
595,59.5,59.599999999999994,43913,0.0018489583333333333,0.7310585379600525,0.2698473334312439
596,59.599999999999994,59.699999999999996,43664,0.001767578125,0.7310585379600525,0.2698703110218048
597,59.699999999999996,59.8,45080,0.002646484375,0.7310585379600525,0.27020058035850525
598,59.8,59.9,45805,0.00220703125,0.7310585379600525,0.27002039551734924
599,59.9,60.0,40618,0.0026302083333333334,0.7310585379600525,0.2702307105064392
600,60.0,60.099999999999994,43066,0.002353515625,0.7310585379600525,0.2701413035392761
601,60.099999999999994,60.199999999999996,42566,0.00201171875,0.7310585379600525,0.26993289589881897
602,60.199999999999996,60.3,43045,0.002294921875,0.7310585379600525,0.2700628638267517
603,60.3,60.4,43218,0.0016373697916666667,0.7310585379600525,0.26976245641708374
604,60.4,60.5,44415,0.001875,0.7310585379600525,0.2698840796947479
605,60.5,60.599999999999994,45854,0.0024739583333333332,0.7310585379600525,0.27011436223983765
606,60.599999999999994,60.699999999999996,46650,0.0023893229166666668,0.7310585379600525,0.270061194896698
607,60.699999999999996,60.8,46322,0.0020442708333333333,0.7310585379600525,0.26993077993392944
608,60.8,60.9,46417,0.002210286458333333,0.7310585379600525,0.27008384466171265
609,60.9,61.0,45994,0.0037662760416666665,0.7310585379600525,0.2707280218601227
610,61.0,61.099999999999994,44911,0.0025846354166666665,0.7310585379600525,0.2701874375343323
611,61.099999999999994,61.199999999999996,45570,0.0038899739583333334,0.7310585379600525,0.2707771062850952
612,61.199999999999996,61.3,45786,0.002119140625,0.7310585379600525,0.2699718773365021
613,61.3,61.4,45935,0.002373046875,0.7310585379600525,0.2700910270214081
614,61.4,61.5,45516,0.003037109375,0.7310585379600525,0.2703605592250824
615,61.5,61.599999999999994,44789,0.001923828125,0.7310585379600525,0.2698519825935364
616,61.599999999999994,61.699999999999996,45085,0.0027213541666666666,0.7310585379600525,0.27030864357948303
617,61.699999999999996,61.8,45126,0.002454427083333333,0.7310585379600525,0.2701534926891327
618,61.8,61.9,44921,0.0020345052083333335,0.7310585379600525,0.2699565589427948
619,61.9,62.0,45386,0.0015885416666666667,0.7310585379600525,0.2697483003139496
620,62.0,62.099999999999994,45469,0.0015397135416666667,0.7310585379600525,0.2697415053844452
621,62.099999999999994,62.199999999999996,44549,0.0014127604166666668,0.7310585379600525,0.269633412361145
622,62.199999999999996,62.3,43578,0.0013834635416666667,0.7310585379600525,0.269650399684906
623,62.3,62.4,44850,0.0013802083333333333,0.7310585379600525,0.2696196734905243
624,62.4,62.5,44111,0.0018782552083333333,0.7310585379600525,0.2697989046573639
625,62.5,62.599999999999994,44979,0.0019856770833333332,0.7310585379600525,0.26992109417915344
626,62.599999999999994,62.699999999999996,44419,0.002486979166666667,0.7310585379600525,0.2701299786567688
627,62.699999999999996,62.8,43963,0.0018001302083333333,0.7310585379600525,0.26981332898139954
628,62.8,62.9,45228,0.0017024739583333334,0.7310585379600525,0.26978734135627747
629,62.9,63.0,45477,0.002884114583333333,0.7310585379600525,0.27032995223999023
630,63.0,63.099999999999994,44603,0.002421875,0.7310585379600525,0.27014002203941345
631,63.099999999999994,63.199999999999996,44879,0.002692057291666667,0.7310585379600525,0.2702608108520508
632,63.199999999999996,63.3,46034,0.0028157552083333333,0.7310585379600525,0.2702900469303131
633,63.3,63.4,45719,0.002975260416666667,0.7310585379600525,0.2703459560871124
634,63.4,63.5,45959,0.0019010416666666668,0.7310585379600525,0.26990801095962524
635,63.5,63.599999999999994,46052,0.002395833333333333,0.7310585379600525,0.27007585763931274
636,63.599999999999994,63.699999999999996,46150,0.0028938802083333334,0.7310585379600525,0.2703663408756256
637,63.699999999999996,63.8,43924,0.002607421875,0.7310585379600525,0.27021053433418274
638,63.8,63.9,45075,0.0022916666666666667,0.7310585379600525,0.270058274269104
639,63.9,64.0,46312,0.003232421875,0.7310585379600525,0.27050867676734924
640,64.0,64.1,46336,0.002548828125,0.7310585379600525,0.27019375562667847
641,64.1,64.2,46222,0.002724609375,0.7310585379600525,0.27028700709342957
642,64.2,64.3,45794,0.00279296875,0.7310585379600525,0.2703060805797577
643,64.3,64.39999999999999,45804,0.002734375,0.7310585379600525,0.2702707350254059
644,64.39999999999999,64.5,45203,0.00283203125,0.7310585379600525,0.27037832140922546
645,64.5,64.6,43330,0.002184244791666667,0.7310585379600525,0.27001726627349854
646,64.6,64.7,44169,0.0024934895833333332,0.7310585379600525,0.27014586329460144
647,64.7,64.8,44939,0.0022721354166666667,0.7310585379600525,0.270093709230423
648,64.8,64.89999999999999,44042,0.003095703125,0.7310585379600525,0.2704222500324249
649,64.89999999999999,65.0,45853,0.002916666666666667,0.7310585379600525,0.27030640840530396
650,65.0,65.1,46391,0.002731119791666667,0.7310585379600525,0.270248681306839
651,65.1,65.2,46389,0.002203776041666667,0.7310585379600525,0.2699909806251526
652,65.2,65.3,45413,0.002734375,0.7310585379600525,0.2702401876449585
653,65.3,65.39999999999999,43867,0.0037369791666666667,0.7310585379600525,0.2706930339336395
654,65.39999999999999,65.5,45396,0.0031315104166666666,0.7310585379600525,0.27040526270866394
655,65.5,65.6,42907,0.009427083333333334,0.7310585379600525,0.27337270975112915
656,65.6,65.7,43756,0.005498046875,0.7310585379600525,0.27154219150543213
657,65.7,65.8,44713,0.0035872395833333333,0.7310585379600525,0.27071651816368103
658,65.8,65.89999999999999,44110,0.0037890625,0.7310585379600525,0.27074307203292847
659,65.89999999999999,66.0,44968,0.009440104166666666,0.7310585379600525,0.2733277678489685
660,66.0,66.1,44106,0.010673828125,0.7310585379600525,0.273917555809021
661,66.1,66.2,43941,0.0037174479166666666,0.7310585379600525,0.27078261971473694
662,66.2,66.3,44501,0.0020052083333333332,0.7310585379600525,0.26992735266685486
663,66.3,66.39999999999999,44124,0.0014811197916666666,0.7310585379600525,0.2697230577468872
664,66.39999999999999,66.5,42982,0.010556640625,0.7310585379600525,0.27381962537765503
665,66.5,66.6,44231,0.005006510416666667,0.7310585379600525,0.27137064933776855
666,66.6,66.7,44968,0.005179036458333334,0.7310585379600525,0.27138128876686096
667,66.7,66.8,44840,0.004384765625,0.7310585379600525,0.2710501253604889
668,66.8,66.89999999999999,43597,0.0036393229166666666,0.7310585379600525,0.27072256803512573
669,66.89999999999999,67.0,43780,0.003860677083333333,0.7310585379600525,0.270781010389328
670,67.0,67.1,43311,0.005380859375,0.7310585379600525,0.2714243233203888
671,67.1,67.2,43763,0.00396484375,0.7310585379600525,0.27085331082344055
672,67.2,67.3,42057,0.0014583333333333334,0.7310585379600525,0.269702672958374
673,67.3,67.39999999999999,39732,0.0029817708333333332,0.7310585379600525,0.27044081687927246
674,67.39999999999999,67.5,44242,0.002236328125,0.7310585379600525,0.27008554339408875
675,67.5,67.6,42795,0.0027180989583333332,0.7310585379600525,0.27024704217910767
676,67.6,67.7,41697,0.00193359375,0.7310585379600525,0.26994818449020386
677,67.7,67.8,40122,0.00197265625,0.7310585379600525,0.2699114978313446
678,67.8,67.89999999999999,44339,0.0030338541666666665,0.7310585379600525,0.2704707384109497
679,67.89999999999999,68.0,43492,0.0025553385416666667,0.7310585379600525,0.2701912224292755
680,68.0,68.1,43745,0.002467447916666667,0.7310585379600525,0.2701467275619507
681,68.1,68.2,43066,0.0019921875,0.7310585379600525,0.26996639370918274
682,68.2,68.3,42534,0.00279296875,0.7310585379600525,0.27034837007522583
683,68.3,68.39999999999999,40879,0.0033821614583333334,0.7310585379600525,0.2705482542514801
684,68.39999999999999,68.5,40559,0.003912760416666667,0.7310585379600525,0.27081799507141113
685,68.5,68.6,42274,0.0021256510416666667,0.7310585379600525,0.2699667811393738
686,68.6,68.7,42338,0.00216796875,0.7310585379600525,0.26997610926628113
687,68.7,68.8,40936,0.0022786458333333335,0.7310585379600525,0.2700293958187103
688,68.8,68.89999999999999,40461,0.0021419270833333334,0.7310585379600525,0.27000734210014343
689,68.89999999999999,69.0,41564,0.00205078125,0.7310585379600525,0.26995381712913513
690,69.0,69.1,43728,0.013714192708333333,0.7310585379600525,0.2753347158432007
691,69.1,69.2,41249,0.004651692708333334,0.7310585379600525,0.27118825912475586
692,69.2,69.3,41454,0.0014778645833333334,0.7310585379600525,0.2697222828865051
693,69.3,69.39999999999999,41272,0.001552734375,0.7310585379600525,0.2697199881076813
694,69.39999999999999,69.5,40648,0.00142578125,0.7310227155685425,0.26965826749801636
695,69.5,69.6,43063,0.0008756510416666666,0.7310584783554077,0.2694905996322632
696,69.6,69.7,43034,0.002451171875,0.7310585379600525,0.2701670825481415
697,69.7,69.8,43581,0.0030501302083333335,0.7310585379600525,0.2703994810581207
698,69.8,69.89999999999999,44825,0.0030729166666666665,0.7310585379600525,0.27043211460113525
699,69.89999999999999,70.0,45170,0.0019954427083333334,0.7310585379600525,0.26995542645454407
700,70.0,70.1,44602,0.0020052083333333332,0.7310585379600525,0.2699677050113678
701,70.1,70.2,42706,0.0006119791666666667,0.7297379374504089,0.26931583881378174
702,70.2,70.3,41528,0.00400390625,0.7310585379600525,0.2708442509174347
703,70.3,70.39999999999999,36804,0.004733072916666667,0.7310585379600525,0.2711959481239319
704,70.39999999999999,70.5,34389,0.0036002604166666665,0.7310585379600525,0.27066969871520996
705,70.5,70.6,35927,0.004765625,0.7310585379600525,0.27116942405700684
706,70.6,70.7,39824,0.005319010416666666,0.7310585379600525,0.2714649438858032
707,70.7,70.8,42329,0.003662109375,0.7310585379600525,0.27071207761764526
708,70.8,70.89999999999999,42089,0.0034537760416666666,0.7310585379600525,0.270658940076828
709,70.89999999999999,71.0,40202,0.004248046875,0.7310585379600525,0.2709968388080597
710,71.0,71.1,41852,0.0027083333333333334,0.7310585379600525,0.27024292945861816
711,71.1,71.2,41780,0.0043326822916666665,0.7310585379600525,0.27092409133911133
712,71.2,71.3,41938,0.00294921875,0.7310585379600525,0.27034664154052734
713,71.3,71.39999999999999,41272,0.0042154947916666664,0.7310585379600525,0.2709297835826874
714,71.39999999999999,71.5,41897,0.005367838541666667,0.7310585379600525,0.27142560482025146
715,71.5,71.6,41224,0.0030729166666666665,0.7310585379600525,0.27043578028678894
716,71.6,71.7,43329,0.0038671875,0.7310585379600525,0.2708278298377991
717,71.7,71.8,44318,0.0030143229166666665,0.7310585379600525,0.27040109038352966
718,71.8,71.89999999999999,42036,0.0027701822916666665,0.7310585379600525,0.2703191339969635
719,71.89999999999999,72.0,42158,0.0032291666666666666,0.7310585379600525,0.27051952481269836
720,72.0,72.1,42989,0.003961588541666667,0.7310585379600525,0.27084723114967346
721,72.1,72.2,42770,0.004270833333333333,0.7310585379600525,0.27094578742980957
722,72.2,72.3,44523,0.004222005208333333,0.7310585379600525,0.27093103528022766
723,72.3,72.39999999999999,44172,0.0017154947916666666,0.7310585379600525,0.26986125111579895
724,72.39999999999999,72.5,42726,0.0033430989583333333,0.7310585379600525,0.2706405520439148
725,72.5,72.6,43758,0.0037890625,0.7310585379600525,0.27077460289001465
726,72.6,72.7,42519,0.004358723958333333,0.7310585379600525,0.27100929617881775
727,72.7,72.8,40954,0.0031640625,0.7310585379600525,0.2704804241657257
728,72.8,72.89999999999999,43341,0.0021744791666666666,0.7310585379600525,0.2699676752090454
729,72.89999999999999,73.0,41736,0.003291015625,0.7310585379600525,0.2704647183418274
730,73.0,73.1,42764,0.00357421875,0.7310585379600525,0.27062156796455383
731,73.1,73.100999,5407,0.000966796875,0.7310423851013184,0.269457072019577
