frame,time_s,v_cam_x,v_cam_y,v_cam_z,speed,p_rel_x,p_rel_y,p_rel_z,v_world_x_assume_identity,v_world_y_assume_identity,v_world_z_assume_identity,p_world_x_assume_identity,p_world_y_assume_identity,p_world_z_assume_identity
700,0.0,0.07209054072427516,-0.23259672136187967,-0.8193747885947807,0.8547943173857415,0.0,0.0,0.0,0.07209054072427516,-0.23259672136187967,-0.8193747885947807,0.0,0.0,0.0
701,0.033332999999999995,-0.28680945997330204,-0.20337823602400462,3.4804694998496633,3.498183859176384,-0.009560219729290075,-0.006779206741388144,0.1160144898384888,-0.28680945997330204,-0.20337823602400462,3.4804694998496633,-0.009560219729290075,-0.006779206741388144,0.1160144898384888
702,0.06666599999999999,-0.7633984681796083,0.5822208097851886,3.0343739048113063,3.182637787553857,-0.03500658086912095,0.012627959511181546,0.21715927520756406,-0.7633984681796083,0.5822208097851886,3.0343739048113063,-0.03500658086912095,0.012627959511181546,0.21715927520756406
703,0.09999899999999999,-0.8918022597970994,0.34186380938711963,-0.20571258085577265,0.9769850565235012,-0.06473302559493767,0.024023305869482404,0.21030225774989858,-0.8918022597970994,0.34186380938711963,-0.20571258085577265,-0.06473302559493767,0.024023305869482404,0.21030225774989858
704,0.133332,0.8682291139238543,0.33334442670622055,1.660227647215765,1.9029703470261157,-0.03579234454051382,0.03513467564488086,0.26564262591454174,0.8682291139238543,0.33334442670622055,1.660227647215765,-0.03579234454051382,0.03513467564488086,0.26564262591454174
705,0.16666499999999998,0.9768429921825227,-0.6184744033253199,-0.8921553617299434,1.460367764779886,-0.0032312370820938158,0.014519068358837987,0.23590441124199757,0.9768429921825227,-0.6184744033253199,-0.8921553617299434,-0.0032312370820938158,0.014519068358837987,0.23590441124199757
706,0.19999799999999998,-0.08714951140128402,0.6014516732636536,-3.0276333105459226,3.0880256824930057,-0.006136191745632816,0.034567256983735355,0.1349843101015703,-0.08714951140128402,0.6014516732636536,-3.0276333105459226,-0.006136191745632816,0.034567256983735355,0.1349843101015703
707,0.23333099999999998,0.2326092547243574,-0.04661451001084852,-1.331368846163742,1.3523398176724466,0.0016173725420941896,0.033013455521543736,0.0906057923523943,0.2326092547243574,-0.04661451001084852,-1.331368846163742,0.0016173725420941896,0.033013455521543736,0.0906057923523943
708,0.266664,0.5386082188320162,-0.5768519273487429,-2.5039508533939414,2.625381274346948,0.019570800300421798,0.013785250227228072,0.007141598556213977,0.5386082188320162,-0.5768519273487429,-2.5039508533939414,0.019570800300421798,0.013785250227228072,0.007141598556213977
709,0.29999699999999996,0.36720868228932396,0.6679702694594126,-1.0685096819869515,1.3125316901813069,0.03181096730717181,0.036050703219118636,-0.028475034673457023,0.36720868228932396,0.6679702694594126,-1.0685096819869515,0.03181096730717181,0.036050703219118636,-0.028475034673457023
710,0.33333,0.44854432852364157,-0.6619558654544089,-2.149092510758612,2.2930277369144436,0.046762295409850385,0.013985728355926787,-0.10011073533457397,0.44854432852364157,-0.6619558654544089,-2.149092510758612,0.046762295409850385,0.013985728355926787,-0.10011073533457397
711,0.36666299999999996,-0.37118260030234573,-0.2163841777220658,-3.061920494126115,3.0919178105967142,0.03438966579397232,0.00677299455991718,-0.2021737311652796,-0.37118260030234573,-0.2163841777220658,-3.061920494126115,0.03438966579397232,0.00677299455991718,-0.2021737311652796
712,0.399996,0.6324011733846815,-1.37763538480739,-1.6052382951076278,2.2078497416381784,0.05546949410640394,-0.03914772572186762,-0.25568113925610225,0.6324011733846815,-1.37763538480739,-1.6052382951076278,0.05546949410640394,-0.03914772572186762,-0.25568113925610225
713,0.43332899999999996,-0.37654608550990193,-0.9704701953842407,1.6322238578554678,1.9359116913729673,0.042918083438102404,-0.07149640874461048,-0.20127422140220602,-0.37654608550990193,-0.9704701953842407,1.6322238578554678,0.042918083438102404,-0.07149640874461048,-0.20127422140220602
714,0.466662,-0.02097796179677256,0.05975163656915713,-0.07540627422756983,0.09847049886500499,0.042218825037530584,-0.06950470744285077,-0.20378773874103362,-0.02097796179677256,0.05975163656915713,-0.07540627422756983,0.042218825037530584,-0.06950470744285077,-0.20378773874103362
715,0.49999499999999997,0.20221220031951814,-0.38539888810369693,-1.7743822797957491,1.826979625437237,0.048959164310781074,-0.08235120858001128,-0.26293322327346524,0.20221220031951814,-0.38539888810369693,-1.7743822797957491,0.048959164310781074,-0.08235120858001128,-0.26293322327346524
716,0.5333279999999999,-0.6090192456941715,0.38305864551888247,-1.6752798131835507,1.8232391011584221,0.028658725794057288,-0.0695827147489304,-0.31877532528631247,-0.6090192456941715,0.38305864551888247,-1.6752798131835507,0.028658725794057288,-0.0695827147489304,-0.31877532528631247
717,0.566661,-0.00640124455435423,1.1454459054915833,0.8206864210691713,1.4091179865669883,0.028445353109327,-0.03140156638117937,-0.29141938481281376,-0.00640124455435423,1.1454459054915833,0.8206864210691713,0.028445353109327,-0.03140156638117937,-0.29141938481281376
718,0.5999939999999999,-0.15011423988015288,1.0096502586094425,-2.290975897923655,2.5080866202330427,0.023441595151401873,0.002253105689049119,-0.36778448441830286,-0.15011423988015288,1.0096502586094425,-2.290975897923655,0.023441595151401873,0.002253105689049119,-0.36778448441830286
719,0.633327,0.15551353127406667,0.8251245115187078,-2.4512355536567965,2.591055896237952,0.028625327689360346,0.029756981031502254,-0.449491519128345,0.15551353127406667,0.8251245115187078,-2.4512355536567965,0.028625327689360346,0.029756981031502254,-0.449491519128345
720,0.6666599999999999,0.2309931613581709,1.427272779293767,0.5335566931681113,1.5411515733151253,0.036325022736912245,0.07733226458370131,-0.4317064738749724,0.2309931613581709,1.427272779293767,0.5335566931681113,0.036325022736912245,0.07733226458370131,-0.4317064738749724
721,0.699993,0.17275692958924155,0.831608194957552,-0.32338384728964964,0.9088422631730522,0.042083529470910444,0.10505226054622144,-0.4424858276566783,0.17275692958924155,0.831608194957552,-0.32338384728964964,0.042083529470910444,0.10505226054622144,-0.4424858276566783
722,0.7333259999999999,0.02849673493662573,0.5378955156397792,-0.5640300273611513,0.7799189197682367,0.043033411136552985,0.12298193176904217,-0.46128664055870755,0.02849673493662573,0.5378955156397792,-0.5640300273611513,0.043033411136552985,0.12298193176904217,-0.46128664055870755
723,0.766659,0.29198127581376193,0.4626035059872655,-0.8167816957499838,0.9830500535017337,0.05276602300325313,0.1384018944341157,-0.4885124248231418,0.29198127581376193,0.4626035059872655,-0.8167816957499838,0.05276602300325313,0.1384018944341157,-0.4885124248231418
724,0.7999919999999999,0.024379651230834933,0.4066787305185943,-1.9069164428915464,1.9499518654111698,0.05357866991773055,0.151957716558492,-0.5520756706140455,0.024379651230834933,0.4066787305185943,-1.9069164428915464,0.05357866991773055,0.151957716558492,-0.5520756706140455
725,0.833325,0.35935089320175273,-0.05846735231504487,-1.8635314075394183,1.8987629664119412,0.06555691324082459,0.1500088243037746,-0.614192763021557,0.35935089320175273,-0.05846735231504487,-1.8635314075394183,0.06555691324082459,0.1500088243037746,-0.614192763021557
726,0.8666579999999999,0.22005271863619472,0.19299442609753412,-1.1056959246610543,1.143780365846503,0.07289193051112486,0.1564419075088837,-0.6510489252782838,0.22005271863619472,0.19299442609753412,-1.1056959246610543,0.07289193051112486,0.1564419075088837,-0.6510489252782838
727,0.899991,0.3074807688903728,0.25820461608020745,-1.360898311679854,1.418893322887813,0.08314118698054768,0.16504864197668528,-0.6964117487015085,0.3074807688903728,0.25820461608020745,-1.360898311679854,0.08314118698054768,0.16504864197668528,-0.6964117487015085
728,0.9333239999999999,0.3093393882826551,0.266635842273593,-0.9585001425229462,1.0418771773796296,0.09345239681017341,0.17393641450719094,-0.7283614339522257,0.3093393882826551,0.266635842273593,-0.9585001425229462,0.09345239681017341,0.17393641450719094,-0.7283614339522257
729,0.9666569999999999,0.6363368487050558,0.37422114382490573,-1.6571119024285246,1.8141074683369192,0.114663412988059,0.1864103278943065,-0.7835979449958757,0.6363368487050558,0.37422114382490573,-1.6571119024285246,0.114663412988059,0.1864103278943065,-0.7835979449958757
730,0.9999899999999998,0.7925864055265267,0.7021222993428221,-2.7505948096627866,2.947361657551338,0.1410826956434747,0.20981417049830076,-0.8752835217863651,0.7925864055265267,0.7021222993428221,-2.7505948096627866,0.1410826956434747,0.20981417049830076,-0.8752835217863651
731,1.033323,0.8898025253024865,0.45418353362614594,-1.5985959898998048,1.8850836467317706,0.17074248321938262,0.22495347022466117,-0.9285695219176956,0.8898025253024865,0.45418353362614594,-1.5985959898998048,0.17074248321938262,0.22495347022466117,-0.9285695219176956
732,1.066656,0.39652516797384274,0.3517021044488149,-1.1552031983129476,1.2709921355000087,0.1839598566434547,0.23667675647225353,-0.9670759101270612,0.39652516797384274,0.3517021044488149,-1.1552031983129476,0.1839598566434547,0.23667675647225353,-0.9670759101270612
733,1.099989,-0.3091718634869974,0.17984646232379492,-1.7123762982449826,1.749332609303787,0.1736542309178426,0.24267157860089258,-1.0241545492764614,-0.3091718634869974,0.17984646232379492,-1.7123762982449826,0.1736542309178426,0.24267157860089258,-1.0241545492764614
734,1.133322,0.27957118263210984,0.05197970044190995,-1.490372736472909,1.517258326402625,0.18297317714851868,0.24440421795572276,-1.0738331437013127,0.27957118263210984,0.05197970044190995,-1.490372736472909,0.18297317714851868,0.24440421795572276,-1.0738331437013127
735,1.166655,-0.285067473772212,0.13776088024729796,-0.7765022133387472,0.8385685494038961,0.1734710230452695,0.24899620137700595,-1.0997162919785333,-0.285067473772212,0.13776088024729796,-0.7765022133387472,0.1734710230452695,0.24899620137700595,-1.0997162919785333
736,1.199988,-1.4702937629612893,-0.35875750070871093,2.7731916257552376,3.15928195748284,0.12446172104448079,0.23703773760588248,-1.0072774955172337,-1.4702937629612893,-0.35875750070871093,2.7731916257552376,0.12446172104448079,0.23703773760588248,-1.0072774955172337
737,1.2333210000000001,-1.427038975955541,0.4338869275409896,1.5760171118954895,2.1699142936472398,0.07689423085895465,0.2515004905616063,-0.9547441171264212,-1.427038975955541,0.4338869275409896,1.5760171118954895,0.07689423085895465,0.2515004905616063,-0.9547441171264212
738,1.266654,-1.6071481691193958,0.44207257352073354,2.988501969321826,3.4219142915046112,0.023323160937698095,0.26623609565477285,-0.8551283809830172,-1.6071481691193958,0.44207257352073354,2.988501969321826,0.023323160937698095,0.26623609565477285,-0.8551283809830172
739,1.299987,-0.6412734088140518,-0.34009022364875924,-0.7564950932779212,1.048416792705567,0.001947594401699268,0.25489986822988875,-0.8803446319272502,-0.6412734088140518,-0.34009022364875924,-0.7564950932779212,0.001947594401699268,0.25489986822988875,-0.8803446319272502
740,1.33332,-1.123676849022809,0.49647759470310837,1.6524276791778432,2.059042713977805,-0.03550792600677809,0.2714489558941275,-0.8252642600972151,-1.123676849022809,0.49647759470310837,1.6524276791778432,-0.03550792600677809,0.2714489558941275,-0.8252642600972151
741,1.3666530000000001,-0.17197039335003164,-0.3136674886997014,0.23786743829628154,0.4295835516611142,-0.0412402151283147,0.2609934774933003,-0.8173354247764851,-0.17197039335003164,-0.3136674886997014,0.23786743829628154,-0.0412402151283147,0.2609934774933003,-0.8173354247764851
742,1.399986,0.35054209919986606,-0.8158271056976422,-1.0365152584864439,1.3648507283866835,-0.029555595335685626,0.23379951257908094,-0.8518855878876136,0.35054209919986606,-0.8158271056976422,-1.0365152584864439,-0.029555595335685626,0.23379951257908094,-0.8518855878876136
743,1.433319,0.578911287187758,-1.3893278381828822,-1.7570458970990306,2.313564437160946,-0.010258745399856058,0.18748904774893085,-0.9104531987756157,0.578911287187758,-1.3893278381828822,-1.7570458970990306,-0.010258745399856058,0.18748904774893085,-0.9104531987756157
744,1.466652,0.8728283980405982,-0.6957323871119149,-4.651045442772712,4.783105338338198,0.018835243592031252,0.16429820008932935,-1.065486496519559,0.8728283980405982,-0.6957323871119149,-4.651045442772712,0.018835243592031252,0.16429820008932935,-1.065486496519559
745,1.4999850000000001,0.7452451776510655,-0.14379607145804887,-2.9223926218789305,3.0193453464933993,0.043676501098674256,0.1595050456394182,-1.1628986097846494,0.7452451776510655,-0.14379607145804887,-2.9223926218789305,0.043676501098674256,0.1595050456394182,-1.1628986097846494
746,1.533318,-0.4855922917478967,-0.4340806393348376,-2.524162357614104,2.6068412845523046,0.027490253237841697,0.14503583568847012,-1.247036513651,-0.4855922917478967,-0.4340806393348376,-2.524162357614104,0.027490253237841697,0.14503583568847012,-1.247036513651
747,1.566651,-0.39785088371342303,0.4740827769800505,3.202739355836594,3.2619900653627485,0.014228689731022145,0.16083843689354616,-1.1402796027028985,-0.39785088371342303,0.4740827769800505,3.202739355836594,0.014228689731022145,0.16083843689354616,-1.1402796027028985
748,1.599984,-1.494547851971175,-0.3765806772237414,-2.0033338304055253,2.5276140378501655,-0.03558907381873312,0.14828587317964717,-1.207056729271806,-1.494547851971175,-0.3765806772237414,-2.0033338304055253,-0.03558907381873312,0.14828587317964717,-1.207056729271806
749,1.633317,-1.3268483176231936,-0.11741139207993649,1.1556390718667737,1.7634663471114909,-0.07981690879006682,0.14437219924744665,-1.168535812089271,-1.3268483176231936,-0.11741139207993649,1.1556390718667737,-0.07981690879006682,0.14437219924744665,-1.168535812089271
750,1.66665,-1.5176736271637736,-0.45661839571048846,-0.47345774619034614,1.654084591342688,-0.13040552380431697,0.1291517382632289,-1.1843175791430338,-1.5176736271637736,-0.45661839571048846,-0.47345774619034614,-0.13040552380431697,0.1291517382632289,-1.1843175791430338
751,1.699983,-1.8832613623979013,0.15206560651639706,0.013678489675190687,1.8894402369129841,-0.19318027479712635,0.13422054112523998,-1.1838616340466908,-1.8832613623979013,0.15206560651639706,0.013678489675190687,-0.19318027479712635,0.13422054112523998,-1.1838616340466908
752,1.733316,-1.8731665454158701,0.8008457203012119,0.09105187321506414,2.039214853370278,-0.2556185352554737,0.16091513152004033,-1.180826601956813,-1.8731665454158701,0.8008457203012119,0.09105187321506414,-0.2556185352554737,0.16091513152004033,-1.180826601956813
753,1.766649,-1.2436466147886989,0.8658716305552324,0.458947223246726,1.5833581833563901,-0.29707300786622515,0.18977723058133775,-1.16552851416433,-1.2436466147886989,0.8658716305552324,0.458947223246726,-0.29707300786622515,0.18977723058133775,-1.16552851416433
754,1.799982,-0.8733822728813052,1.6258742079722381,-2.2112726680179375,2.8802760886859153,-0.32618545916817776,0.24397249555567646,-1.239236866007372,-0.8733822728813052,1.6258742079722381,-2.2112726680179375,-0.32618545916817776,0.24397249555567646,-1.239236866007372
755,1.833315,-0.09885914466286315,1.2788952857326155,-1.154710700611924,1.725891967783691,-0.32948073103722497,0.2866019121150018,-1.2777268377908693,-0.09885914466286315,1.2788952857326155,-1.154710700611924,-0.32948073103722497,0.2866019121150018,-1.2777268377908693
756,1.866648,0.15823493905600966,1.5883797661037615,-2.396220419604651,2.8792118499054893,-0.324206285813671,0.3395473748585386,-1.3576000530375512,0.15823493905600966,1.5883797661037615,-2.396220419604651,-0.324206285813671,0.3395473748585386,-1.3576000530375512
757,1.899981,0.809489399829935,1.5889107251194845,-2.825526956473611,3.341184365250709,-0.2972235756491399,0.3925105360589461,-1.4517833430776856,0.809489399829935,1.5889107251194845,-2.825526956473611,-0.2972235756491399,0.3925105360589461,-1.4517833430776856
758,1.933314,0.8436516012440908,1.8951167846262331,-2.3083227697924733,3.103477027657235,-0.2691021368248706,0.45568046384089245,-1.5287266659631782,0.8436516012440908,1.8951167846262331,-2.3083227697924733,-0.2691021368248706,0.45568046384089245,-1.5287266659631782
759,1.966647,0.44726962966694145,0.6092316596792449,-2.9380890778122626,3.0337403919811003,-0.2541932982591824,0.47598798275298076,-1.6266619891938945,0.44726962966694145,0.6092316596792449,-2.9380890778122626,-0.2541932982591824,0.47598798275298076,-1.6266619891938945
760,1.9999799999999999,0.9640712750091522,-0.045662493919699954,-1.9074452443317833,2.1377244552964902,-0.2220579104493025,0.4744659148431554,-1.6902428615232055,0.9640712750091522,-0.045662493919699954,-1.9074452443317833,-0.2220579104493025,0.4744659148431554,-1.6902428615232055
761,2.033313,5.467464690648665,0.5194636153506564,-4.7496017505423955,7.260973032584439,-0.03981090991590901,0.49178119553363897,-1.8485613366740365,5.467464690648665,0.5194636153506564,-4.7496017505423955,-0.03981090991590901,0.49178119553363897,-1.8485613366740365
762,2.066646,2.1069881487060655,-0.37812094536944785,-3.1217308649881863,3.7851787410285906,0.03042132604490992,0.4791772900616392,-1.9526179915966873,2.1069881487060655,-0.37812094536944785,-3.1217308649881863,0.03042132604490992,0.4791772900616392,-1.9526179915966873
763,2.099979,3.30011777085881,-1.7041736405152483,-2.5744974141409664,4.519183779620346,0.14042415170094608,0.42237207010234473,-2.0384337139022475,3.30011777085881,-1.7041736405152483,-2.5744974141409664,0.14042415170094608,0.42237207010234473,-2.0384337139022475
764,2.133312,1.515748396322669,-0.711546386790434,-1.4501136989115695,2.2150894341493887,0.19094859299557004,0.398654094391459,-2.0867703538280673,1.515748396322669,-0.711546386790434,-1.4501136989115695,0.19094859299557004,0.398654094391459,-2.0867703538280673
765,2.166645,2.443412601708304,-2.0198449055286787,-2.8482848058053505,4.261779548446719,0.2723948652483125,0.3313266041554719,-2.1817122312599766,2.443412601708304,-2.0198449055286787,-2.8482848058053505,0.2723948652483125,0.3313266041554719,-2.1817122312599766
766,2.1999779999999998,1.789470878699941,-0.7946726256618055,-3.8566232415558166,4.325188254284415,0.33204329804801735,0.30483778152428703,-2.310265053770756,1.789470878699941,-0.7946726256618055,-3.8566232415558166,0.33204329804801735,0.30483778152428703,-2.310265053770756
767,2.233311,-0.03216763664130623,-0.4892038659098028,-5.533869013617619,5.555543307287364,0.3309710542158527,0.28853114906191546,-2.4947255096016736,-0.03216763664130623,-0.4892038659098028,-5.533869013617619,0.3309710542158527,0.28853114906191546,-2.4947255096016736
768,2.266644,-0.41434347320530845,-0.3368155577455405,-2.3925567489198287,2.451418575137485,0.3171597432235002,0.27730407607558344,-2.5744766037134177,-0.41434347320530845,-0.3368155577455405,-2.3925567489198287,0.3171597432235002,0.27730407607558344,-2.5744766037134177
769,2.299977,0.1450117296265214,0.48574655553870677,-4.326897144996221,4.356491365918615,0.3219934192071411,0.2934954660113553,-2.718705066247578,0.1450117296265214,0.48574655553870677,-4.326897144996221,0.3219934192071411,0.2934954660113553,-2.718705066247578
770,2.33331,-1.1047732256189824,-0.034380640905501705,-2.6394381479427484,2.8615275021095097,0.28516801327758373,0.2923494561080522,-2.806685458032953,-1.1047732256189824,-0.034380640905501705,-2.6394381479427484,0.28516801327758373,0.2923494561080522,-2.806685458032953
771,2.366643,-1.02071063492167,0.7505099925429245,-2.2135609670074965,2.5504837979897346,0.2511446656837399,0.31736620568948537,-2.8804700857462135,-1.02071063492167,0.7505099925429245,-2.2135609670074965,0.2511446656837399,0.31736620568948537,-2.8804700857462135
772,2.399976,-1.4548027400252552,0.9072690799501179,-3.29211176603091,3.711817354862397,0.20265172595047765,0.3476082059314629,-2.9902060472433227,-1.4548027400252552,0.9072690799501179,-3.29211176603091,0.20265172595047765,0.3476082059314629,-2.9902060472433227
773,2.433309,-0.41665826253516114,1.1878133578255752,-2.2131852946673574,2.5461134753383488,0.18876325608539318,0.38720158858786263,-3.0639781526704692,-0.41665826253516114,1.1878133578255752,-2.2131852946673574,0.18876325608539318,0.38720158858786263,-3.0639781526704692
774,2.466642,-0.33589402312614397,1.248550884357827,-1.5807047474900677,2.042138977724145,0.1775669006125295,0.4288195352161619,-3.1166677840185555,-0.33589402312614397,1.248550884357827,-1.5807047474900677,0.1775669006125295,0.4288195352161619,-3.1166677840185555
775,2.499975,0.1662621315665471,1.5016156151400135,-2.541532895792605,2.9566673827844276,0.18310891624403725,0.4788728885156244,-3.201384700034011,0.1662621315665471,1.5016156151400135,-2.541532895792605,0.18310891624403725,0.4788728885156244,-3.201384700034011
776,2.533308,0.7335274632786117,1.1200542209434077,-2.1524792196836597,2.5349064654158493,0.2075595871775031,0.5162076558623307,-3.2731332898637264,0.7335274632786117,1.1200542209434077,-2.1524792196836597,0.2075595871775031,0.5162076558623307,-3.2731332898637264
777,2.566641,0.9574746914857243,0.9811606767887634,-3.6586093701891045,3.9070265653240424,0.239475091068797,0.5489126847017308,-3.395085716000241,0.9574746914857243,0.9811606767887634,-3.6586093701891045,0.239475091068797,0.5489126847017308,-3.395085716000241
778,2.599974,1.006683721453996,0.4757351394698818,-2.246777222559652,2.507537422608037,0.2730308795560229,0.5647703641056803,-3.4699775411598215,1.006683721453996,0.4757351394698818,-2.246777222559652,0.2730308795560229,0.5647703641056803,-3.4699775411598215
779,2.633307,2.3216705592315274,0.2254861406828922,-3.994960854891802,4.626090186903011,0.35041912430688704,0.572286493633063,-3.603141571335929,2.3216705592315274,0.2254861406828922,-3.994960854891802,0.35041912430688704,0.572286493633063,-3.603141571335929
780,2.66664,2.35380923063268,0.2007272312426459,-3.1341508897251464,3.924743445773096,0.42887864739156684,0.5789773344320742,-3.7076122229431383,2.35380923063268,0.2007272312426459,-3.1341508897251464,0.42887864739156684,0.5789773344320742,-3.7076122229431383
781,2.699973,1.326036846461536,-0.5633468074761905,-5.360155378153492,5.5504053024635125,0.473079433594669,0.5601992952984705,-3.886282282163128,1.326036846461536,-0.5633468074761905,-5.360155378153492,0.473079433594669,0.5601992952984705,-3.886282282163128
782,2.733306,1.111973129045305,1.024113220305288,0.06717315581925774,1.51320995257948,0.510144833905136,0.5943360612709064,-3.8840431993602045,1.111973129045305,1.024113220305288,0.06717315581925774,0.510144833905136,0.5943360612709064,-3.8840431993602045
783,2.766639,-0.41266977187973897,-0.2576637524408784,-2.8878335051921242,2.9285268145699845,0.4963893123990685,0.5857473554107946,-3.9803033535887744,-0.41266977187973897,-0.2576637524408784,-2.8878335051921242,0.4963893123990685,0.5857473554107946,-3.9803033535887744
784,2.799972,0.16016874010412802,0.33840751780903705,-3.819053510310961,3.8373615138574952,0.5017282170129594,0.5970274932019232,-4.107603864247969,0.16016874010412802,0.33840751780903705,-3.819053510310961,0.5017282170129594,0.5970274932019232,-4.107603864247969
785,2.8333049999999997,-1.3322993164042607,-0.20058029045067924,-1.0224297907293785,1.6913357438366459,0.45731868389925645,0.5903415503803308,-4.141684516462352,-1.3322993164042607,-0.20058029045067924,-1.0224297907293785,0.45731868389925645,0.5903415503803308,-4.141684516462352
786,2.866638,-1.0070608856087295,0.3300561338408755,-0.25473172167967284,1.0899527186254068,0.4237503233992604,0.6013433114896487,-4.1501754889411,-1.0070608856087295,0.3300561338408755,-0.25473172167967284,0.4237503233992604,0.6013433114896487,-4.1501754889411
787,2.899971,-0.44934232515257855,-1.0012188424610649,-4.696286270499396,4.822805452239778,0.40877239567494955,0.5679696838138942,-4.306716799195655,-0.44934232515257855,-1.0012188424610649,-4.696286270499396,0.40877239567494955,0.5679696838138942,-4.306716799195655
788,2.933304,-0.7806605312406216,-0.5395335603379678,-0.14035847421942574,0.9592850614145194,0.3827506381871057,0.5499854116471486,-4.311395368216812,-0.7806605312406216,-0.5395335603379678,-0.14035847421942574,0.3827506381871057,0.5499854116471486,-4.311395368216812
789,2.966637,-1.873580960788013,-1.5492498035896833,-2.248797241087396,3.3117321150830255,0.3202985640211592,0.498344267944094,-4.386354526653977,-1.873580960788013,-1.5492498035896833,-2.248797241087396,0.3202985640211592,0.498344267944094,-4.386354526653977
790,2.99997,-2.8691906431813816,-0.17265641677318075,0.7512935575487281,2.9709438222199305,0.22465983231199466,0.4925891116037936,-4.361311658500205,-2.8691906431813816,-0.17265641677318075,0.7512935575487281,0.22465983231199466,0.4925891116037936,-4.361311658500205
791,3.033303,-1.3160610100673742,0.4492898987728454,-3.634371838881326,3.891341241604558,0.1807915706634185,0.507565291799589,-4.4824561750056375,-1.3160610100673742,0.4492898987728454,-3.634371838881326,0.1807915706634185,0.507565291799589,-4.4824561750056375
792,3.066636,-2.074202666408745,0.8417182712208864,4.277879513610771,4.828152802305966,0.11165217318401616,0.5356222869341947,-4.3398616171784505,-2.074202666408745,0.8417182712208864,4.277879513610771,0.11165217318401616,0.5356222869341947,-4.3398616171784505
793,3.0999689999999998,-1.7344664266974994,-0.34358677643458574,0.6667270241923737,1.8896958969818187,0.053837203782908696,0.5241695089153007,-4.317637605281046,-1.7344664266974994,-0.34358677643458574,0.6667270241923737,0.053837203782908696,0.5241695089153007,-4.317637605281046
794,3.133302,-1.1314306882181957,-0.589012703810732,2.89325987942911,3.1619652271026757,0.016123224652531264,0.5045359484591774,-4.221196573720035,-1.1314306882181957,-0.589012703810732,2.89325987942911,0.016123224652531264,0.5045359484591774,-4.221196573720035
795,3.166635,-0.26366413428787155,-0.1701377826156588,-0.30458246966331404,0.4373055243297866,0.007334508064313685,0.49886474575124967,-4.231349221181322,-0.26366413428787155,-0.1701377826156588,-0.30458246966331404,0.007334508064313685,0.49886474575124967,-4.231349221181322
796,3.199968,0.25573751297317615,-0.5458884053971464,-0.6306435952288103,0.8724145636633219,0.015859006584248637,0.48066864753414645,-4.252370464141084,0.25573751297317615,-0.5458884053971464,-0.6306435952288103,0.015859006584248637,0.48066864753414645,-4.252370464141084
797,3.233301,1.0054272529464325,0.2506875130176798,-0.8190136786685545,1.3207996047836315,0.04937291320671191,0.4890248144055647,-4.279670647092143,1.0054272529464325,0.2506875130176798,-0.8190136786685545,0.04937291320671191,0.4890248144055647,-4.279670647092143
798,3.266634,0.8638044336072256,-0.007603887559082689,-2.7854903782458726,2.9163629002450713,0.07816610639214142,0.4887713540215578,-4.372519397870212,0.8638044336072256,-0.007603887559082689,-2.7854903782458726,0.07816610639214142,0.4887713540215578,-4.372519397870212
799,3.299967,0.5606067457164179,-0.645486265130593,0.43126454417726445,0.9575602063992731,0.09685281104710693,0.46725536034595955,-4.358144056819151,0.5606067457164179,-0.645486265130593,0.43126454417726445,0.09685281104710693,0.46725536034595955,-4.358144056819151
800,3.3333,0.7758335553115648,-0.2942457936594274,-3.36543186386404,3.466212619408255,0.12271367094630718,0.4574472653059099,-4.4703239971373305,0.7758335553115648,-0.2942457936594274,-3.36543186386404,0.12271367094630718,0.4574472653059099,-4.4703239971373305
801,3.3666329999999998,1.1533460655125392,0.4569094202472056,-2.3850798706683807,2.6884157704141285,0.16115815534803646,0.47267742701100995,-4.549825864466319,1.1533460655125392,0.4569094202472056,-2.3850798706683807,0.16115815534803646,0.47267742701100995,-4.549825864466319
802,3.399966,0.7955433774014475,0.24994440725270767,-3.143646590922229,3.2523645799112315,0.18767600274695917,0.4810088239379645,-4.654613036281531,0.7955433774014475,0.24994440725270767,-3.143646590922229,0.18767600274695917,0.4810088239379645,-4.654613036281531
803,3.433299,0.7089875124875945,0.525234716877275,-1.719202495159247,1.9324057596784063,0.21130868350070803,0.49851647275563465,-4.711919213052674,0.7089875124875945,0.525234716877275,-1.719202495159247,0.21130868350070803,0.49851647275563465,-4.711919213052674
804,3.4666319999999997,0.22010494426121846,-0.12665310962869814,-2.9003255782761252,2.9114215869003917,0.21864544160776722,0.49429474465238127,-4.808595765553352,0.22010494426121846,-0.12665310962869814,-2.9003255782761252,0.21864544160776722,0.49429474465238127,-4.808595765553352
805,3.499965,0.0804362920942456,0.04772873336364692,-0.16258439285228324,0.1875678913714031,0.22132662453214474,0.4958856865215917,-4.814015191120297,0.0804362920942456,0.04772873336364692,-0.16258439285228324,0.22132662453214474,0.4958856865215917,-4.814015191120297
806,3.533298,0.7071497429993711,-2.716014587398697,-3.713373034630122,4.654668118384459,0.24489804691554262,0.40535277227983135,-4.937793054483622,0.7071497429993711,-2.716014587398697,-3.713373034630122,0.24489804691554262,0.40535277227983135,-4.937793054483622
807,3.566631,0.6730268029499711,0.021527218809507496,-2.09729342479876,2.2027410670214604,0.2673320493382742,0.40607033906440865,-5.00770213621244,0.6730268029499711,0.021527218809507496,-2.09729342479876,0.2673320493382742,0.40607033906440865,-5.00770213621244
808,3.599964,0.883456212617977,-0.13957898441654618,-1.8002393927646072,2.0101838333260806,0.2967802952734691,0.40141775277685193,-5.067709515891462,0.883456212617977,-0.13957898441654618,-1.8002393927646072,0.2967802952734691,0.40141775277685193,-5.067709515891462
809,3.6332969999999998,0.6244743871649202,0.2192362075473864,-0.5219454666208705,0.8428878009858973,0.31759590002083726,0.40872555328302895,-5.085107524130335,0.6244743871649202,0.2192362075473864,-0.5219454666208705,0.31759590002083726,0.40872555328302895,-5.085107524130335
810,3.66663,0.18309522027309566,0.48126601821144116,0.07124625491779352,0.5198238824946002,0.3236990129982004,0.4247675934680711,-5.082732672715161,0.18309522027309566,0.48126601821144116,0.07124625491779352,0.3236990129982004,0.4247675934680711,-5.082732672715161
811,3.699963,-0.14926261342881403,0.26224683954442923,-0.70478272957363,0.7666625258377363,0.3187236423047778,0.4335090673706055,-5.106225195440039,-0.14926261342881403,0.26224683954442923,-0.70478272957363,0.3187236423047778,0.4335090673706055,-5.106225195440039
812,3.7332959999999997,-0.9252408450857542,0.5143619286445622,-2.4555651728095538,2.674030503372983,0.2878825892155345,0.45065429353811465,-5.188076549345299,-0.9252408450857542,0.5143619286445622,-2.4555651728095538,0.2878825892155345,0.45065429353811465,-5.188076549345299
813,3.766629,-1.3831780925968515,1.2146393608588637,0.6529417372162661,1.9531675107339075,0.24177711385500328,0.4911418673536235,-5.166312042418669,-1.3831780925968515,1.2146393608588637,0.6529417372162661,0.24177711385500328,0.4911418673536235,-5.166312042418669
814,3.799962,-1.5558625322031578,0.24984653727635,-0.3016306402221629,1.6044041119441936,0.18991554806907568,0.499470001980656,-5.176366296549195,-1.5558625322031578,0.24984653727635,-0.3016306402221629,0.18991554806907568,0.499470001980656,-5.176366296549195
815,3.833295,-2.531565228102396,0.28427653040626927,1.86084278689086,3.154737949085582,0.10553088432073782,0.5089457915686882,-5.114338823933761,-2.531565228102396,0.28427653040626927,1.86084278689086,0.10553088432073782,0.5089457915686882,-5.114338823933761
816,3.866628,-4.743974779831658,0.1516657831352133,0.11781453846178407,4.747860516793412,-0.052600027015390044,0.5140012671179343,-5.110411711923215,-4.743974779831658,0.1516657831352133,0.11781453846178407,-0.052600027015390044,0.5140012671179343,-5.110411711923215
817,3.899961,-4.2727514105386994,0.439189144783755,0.9704275968962468,4.403523752856814,-0.19502364978287584,0.5286407588810111,-5.078064448835872,-4.2727514105386994,0.439189144783755,0.9704275968962468,-0.19502364978287584,0.5286407588810111,-5.078064448835872
818,3.933294,-4.39787823975811,0.043433322340340696,0.7280576931207178,4.4579465530375835,-0.34161812514873413,0.5300885218145818,-5.053796101751079,-4.39787823975811,0.043433322340340696,0.7280576931207178,-0.34161812514873413,0.5300885218145818,-5.053796101751079
819,3.966627,-1.8054059690579185,-0.1728637773772377,0.6112580753386738,1.913898908852249,-0.40179772231534144,0.5243264535232663,-5.033421036325815,-1.8054059690579185,-0.1728637773772377,0.6112580753386738,-0.40179772231534144,0.5243264535232663,-5.033421036325815
820,3.99996,-2.2830758732755925,-0.5609045826545614,1.3269273634333492,2.6995898988187403,-0.4778994903992374,0.5056298210696417,-4.989190566520491,-2.2830758732755925,-0.5609045826545614,1.3269273634333492,-0.4778994903992374,0.5056298210696417,-4.989190566520491
821,4.033293,-1.5108286213034596,-0.5693288179122586,2.5295375858700755,3.000883007413733,-0.5282599408331448,0.4866523835821727,-4.904873490170685,-1.5108286213034596,-0.5693288179122586,2.5295375858700755,-0.5282599408331448,0.4866523835821727,-4.904873490170685
822,4.066625999999999,-1.006525743285669,-0.8046586040682053,-0.01940867314438615,1.288777031759562,-0.5618104634340858,0.45983069833276735,-4.905520439472607,-1.006525743285669,-0.8046586040682053,-0.01940867314438615,-0.5618104634340858,0.45983069833276735,-4.905520439472607
823,4.099958999999999,0.9528619592319982,-0.9482096390040838,-2.2060850083700343,2.5833812140306955,-0.5300487157470057,0.4282240264358444,-4.979055871056604,0.9528619592319982,-0.9482096390040838,-2.2060850083700343,-0.5300487157470057,0.4282240264358444,-4.979055871056604
824,4.133291999999999,1.2467986579022488,-0.51257519213319,-1.8133128180237934,2.259500740638652,-0.4884891760831503,0.4111383575564689,-5.039499027219791,1.2467986579022488,-0.51257519213319,-1.8133128180237934,-0.4884891760831503,0.4111383575564689,-5.039499027219791
825,4.166625,1.210570446739764,0.0991732261560106,-3.6405151376387455,3.8377944971927245,-0.44813723138197287,0.41444409870392723,-5.160848318302706,1.210570446739764,0.0991732261560106,-3.6405151376387455,-0.44813723138197287,0.41444409870392723,-5.160848318302706
826,4.199958,1.3700500037272292,-1.1915917217668184,-0.07491437654738464,1.8172891921512313,-0.40246935460773337,0.3747247718422741,-5.16334543921616,1.3700500037272292,-1.1915917217668184,-0.07491437654738464,-0.40246935460773337,0.3747247718422741,-5.16334543921616
827,4.2332909999999995,1.0004876712750708,-0.21832447353513637,-2.703864016043552,2.891283758708746,-0.3691200990611216,0.36744736216592744,-5.253473338462939,1.0004876712750708,-0.21832447353513637,-2.703864016043552,-0.3691200990611216,0.36744736216592744,-5.253473338462939
828,4.266623999999999,0.6806828502268747,-0.9569250913194172,-2.9521228386798017,3.177115677410023,-0.3464308976145093,0.33555017809697746,-5.351876449044652,0.6806828502268747,-0.9569250913194172,-2.9521228386798017,-0.3464308976145093,0.33555017809697746,-5.351876449044652
829,4.299956999999999,0.9503840377632274,-0.38504746954042307,-3.500400500680431,3.6475053170898093,-0.3147517464837478,0.3227153907947866,-5.468555298933833,0.9503840377632274,-0.38504746954042307,-3.500400500680431,-0.3147517464837478,0.3227153907947866,-5.468555298933833
830,4.33329,0.8540463151498355,-0.28280251110167376,-3.0624693364258544,3.191878883237119,-0.2862838206608577,0.31328873469223434,-5.570636589324918,0.8540463151498355,-0.28280251110167376,-3.0624693364258544,-0.2862838206608577,0.31328873469223434,-5.570636589324918
831,4.366623,0.7469486246114745,0.2975192557334722,-1.0627638599233724,1.3326353504617827,-0.26138578215668357,0.3232059440435981,-5.6060616970677435,0.7469486246114745,0.2975192557334722,-1.0627638599233724,-0.26138578215668357,0.3232059440435981,-5.6060616970677435
832,4.3999559999999995,0.6862867461769485,0.8433424944609216,-3.173875821198093,3.3549521292154947,-0.23850978604636747,0.35131707941146384,-5.711856499815739,0.6862867461769485,0.8433424944609216,-3.173875821198093,-0.23850978604636747,0.35131707941146384,-5.711856499815739
833,4.433288999999999,-1.1025590263105227,1.1798901164979592,2.048292198137218,2.6083094184659483,-0.2752613860703759,0.3906463566646901,-5.643580775975232,-1.1025590263105227,1.1798901164979592,2.048292198137218,-0.2752613860703759,0.3906463566646901,-5.643580775975232
834,4.466621999999999,0.5774005387317737,-0.09252074535885428,-2.2461152846561547,2.320988009968061,-0.25601489391282983,0.38756236265964344,-5.718450536758675,0.5774005387317737,-0.09252074535885428,-2.2461152846561547,-0.25601489391282983,0.38756236265964344,-5.718450536758675
835,4.499954999999999,-0.021919240893831727,-0.06614035926719498,-2.1563860272717434,2.1575114597281213,-0.2567455279695439,0.38535770606419006,-5.790329352205723,-0.021919240893831727,-0.06614035926719498,-2.1563860272717434,-0.2567455279695439,0.38535770606419006,-5.790329352205723
836,4.533288,0.18090764799243655,0.01845829820910123,0.10736249591449305,0.21117526229158798,-0.2507153333390119,0.3859729765183941,-5.786750638129405,0.18090764799243655,0.01845829820910123,0.10736249591449305,-0.2507153333390119,0.3859729765183941,-5.786750638129405
837,4.566621,-0.19450219241523015,-0.778577527227321,0.7506741004087211,1.0988747307050897,-0.25719867491878873,0.36002065180332593,-5.761728418340481,-0.19450219241523015,-0.778577527227321,0.7506741004087211,-0.25719867491878873,0.36002065180332593,-5.761728418340481
838,4.599953999999999,0.6861614016595393,-0.47422679926119476,2.019637239466427,2.185095674176413,-0.2343268569172714,0.3442132499035526,-5.694407850237347,0.6861614016595393,-0.47422679926119476,2.019637239466427,-0.2343268569172714,0.3442132499035526,-5.694407850237347
839,4.633286999999999,-1.2492063121586123,0.19888979421344324,0.348438616200563,1.3120529828627157,-0.27596665092045425,0.3508428434140693,-5.682793345843534,-1.2492063121586123,0.19888979421344324,0.348438616200563,-0.27596665092045425,0.3508428434140693,-5.682793345843534
840,4.666619999999999,0.509698595012545,0.10484552932718014,-0.9564520819233299,1.0888460992229945,-0.2589768676529012,0.35433765944313217,-5.714674763090284,0.509698595012545,0.10484552932718014,-0.9564520819233299,-0.2589768676529012,0.35433765944313217,-5.714674763090284
841,4.699953,-0.2456238605722951,0.3558847966261781,1.0393447974547485,1.1257098548686275,-0.26716424779735765,0.3662003673690728,-5.680030282956724,-0.2456238605722951,0.3558847966261781,1.0393447974547485,-0.26716424779735765,0.3662003673690728,-5.680030282956724
842,4.733286,0.181066043332031,-1.2789482060869029,-2.976646182908616,3.244829105534721,-0.2611287733749711,0.3235691868155783,-5.779250830171617,0.181066043332031,-1.2789482060869029,-2.976646182908616,-0.2611287733749711,0.3235691868155783,-5.779250830171617
843,4.7666189999999995,1.1785450688299244,1.1757573055041326,-0.07716723897725208,1.6665318789273253,-0.22184433059566339,0.36276070507994734,-5.781823045748446,1.1785450688299244,1.1757573055041326,-0.07716723897725208,-0.22184433059566339,0.36276070507994734,-5.781823045748446
844,4.799951999999999,-0.09872829541402753,-0.7270463901654988,1.268180547312562,1.4651367275275136,-0.22513524086669917,0.3385260677565609,-5.7395507835648765,-0.09872829541402753,-0.7270463901654988,1.268180547312562,-0.22513524086669917,0.3385260677565609,-5.7395507835648765
845,4.833284999999999,-0.8625304199940037,-1.5082896173775204,0.9068387500449214,1.959911430112824,-0.25388596735635915,0.2882502499405163,-5.709323127509629,-0.8625304199940037,-1.5082896173775204,0.9068387500449214,-0.25388596735635915,0.2882502499405163,-5.709323127509629
846,4.866617999999999,-1.242226887825486,-1.1708432402185667,-0.1439446248079545,1.7131029125575636,-0.2952931162082459,0.249222532214311,-5.714121233688353,-1.242226887825486,-1.1708432402185667,-0.1439446248079545,-0.2952931162082459,0.249222532214311,-5.714121233688353
847,4.899951,-2.0704449692673146,-0.3329065995601158,2.7565277952134135,3.4635263331724695,-0.36430725836883476,0.23812575653117343,-5.622237892690502,-2.0704449692673146,-0.3329065995601158,2.7565277952134135,-0.36430725836883476,0.23812575653117343,-5.622237892690502
848,4.933284,-0.2156792171879152,-1.7938532611282465,-1.975905414676766,2.6774295985023024,-0.37149649371535953,0.1783312457779859,-5.688100747877923,-0.2156792171879152,-1.7938532611282465,-1.975905414676766,-0.37149649371535953,0.1783312457779859,-5.688100747877923
849,4.966616999999999,-1.297369459758024,-0.7258258131234554,0.7397361692650466,1.6604819258962376,-0.41474170991747356,0.15413729394914188,-5.663443122147811,-1.297369459758024,-0.7258258131234554,0.7397361692650466,-0.41474170991747356,0.15413729394914188,-5.663443122147811
850,4.999949999999999,-1.9628486642434715,-0.9715144674399807,2.092997653187007,3.029398358653726,-0.4801693444427009,0.12175380220596516,-5.593677231374129,-1.9628486642434715,-0.9715144674399807,2.092997653187007,-0.4801693444427009,0.12175380220596516,-5.593677231374129
851,5.033282999999999,-1.4868480648570013,-0.6758229787212723,0.9513822546048336,1.8901275250399585,-0.5297304509885791,0.0992265948562491,-5.561964806681386,-1.4868480648570013,-0.6758229787212723,0.9513822546048336,-0.5297304509885791,0.0992265948562491,-5.561964806681386
852,5.066616,-0.5554647155133465,-0.038724378193008446,1.5641349622779392,1.660288772432967,-0.5482457563507859,0.09793579515794153,-5.5098274959837745,-0.5554647155133465,-0.038724378193008446,1.5641349622779392,-0.5482457563507859,0.09793579515794153,-5.5098274959837745
853,5.099949,0.6247713853892214,-0.24590073434225862,-0.6628715190744726,0.9435068128801869,-0.527420251761607,0.08973918598011106,-5.531922992329084,0.6247713853892214,-0.24590073434225862,-0.6628715190744726,-0.527420251761607,0.08973918598011106,-5.531922992329084
854,5.1332819999999995,-0.4309660789462954,0.9622738387381996,-1.0063377581011146,1.457538467863635,-0.5417856440711238,0.12181465984677131,-5.565467248819868,-0.4309660789462954,0.9622738387381996,-1.0063377581011146,-0.5417856440711238,0.12181465984677131,-5.565467248819868
855,5.166614999999999,0.4888297433472668,-0.07117175264060951,-4.90661245839531,4.931416201582965,-0.5254914822361295,0.11944229181600188,-5.729019361895558,0.4888297433472668,-0.07117175264060951,-4.90661245839531,-0.5254914822361295,0.11944229181600188,-5.729019361895558
856,5.199947999999999,0.48841460461938574,0.8307227822681892,-0.5532777922343656,1.1112000190625655,-0.5092111582203516,0.1471327743173473,-5.747461770544106,0.48841460461938574,0.8307227822681892,-0.5532777922343656,-0.5092111582203516,0.1471327743173473,-5.747461770544106
857,5.233280999999999,0.877148596289042,1.819890123415867,-2.3695941712643718,3.11389888367759,-0.4799731640602491,0.2077951718011681,-5.826447453054861,0.877148596289042,1.819890123415867,-2.3695941712643718,-0.4799731640602491,0.2077951718011681,-5.826447453054861
858,5.266614,1.2512009744559685,2.054373721582944,-2.5813162279903996,3.528335122305803,-0.4382668819787074,0.2762736110626939,-5.912490466882467,1.2512009744559685,2.054373721582944,-2.5813162279903996,-0.4382668819787074,0.2762736110626939,-5.912490466882467
859,5.2999469999999995,1.5548103356526972,2.3134568182754207,-2.185766537281363,3.542187598840079,-0.3864403890603963,0.3533880671862681,-5.985348622869666,1.5548103356526972,2.3134568182754207,-2.185766537281363,-0.3864403890603963,0.3533880671862681,-5.985348622869666
860,5.333279999999999,2.0223370165528283,3.134538171068854,-2.3306797153992562,4.398550271416825,-0.31902982928764123,0.4578716280425057,-6.063037169823069,2.0223370165528283,3.134538171068854,-2.3306797153992562,-0.31902982928764123,0.4578716280425057,-6.063037169823069
861,5.366612999999999,0.8629076134554958,2.5365474378881943,-2.2564793545794677,3.502910437287827,-0.29026652980832934,0.5424223637896325,-6.138252396149266,0.8629076134554958,2.5365474378881943,-2.2564793545794677,-0.29026652980832934,0.5424223637896325,-6.138252396149266
862,5.399945999999999,1.0736831588005935,1.1945442659350454,-3.4179284633522378,3.776501887906811,-0.2544774490760293,0.5822401078060452,-6.252182205618185,1.0736831588005935,1.1945442659350454,-3.4179284633522378,-0.2544774490760293,0.5822401078060452,-6.252182205618185
863,5.433279,-0.8164583035990182,-0.6566759262982903,0.7530917062980513,1.2903389290377991,-0.281692453709896,0.5603511291547438,-6.227079399772151,-0.8164583035990182,-0.6566759262982903,0.7530917062980513,-0.281692453709896,0.5603511291547438,-6.227079399772151
864,5.466612,0.11414292142668746,-0.033627989051748436,-0.4338831561063056,0.4499044802091353,-0.2778877277099802,0.5592302073956819,-6.241542027014643,0.11414292142668746,-0.033627989051748436,-0.4338831561063056,-0.2778877277099802,0.5592302073956819,-6.241542027014643
865,5.499944999999999,-0.08532987680218872,-0.19354790453640133,1.2711115215080462,1.2885908890474156,-0.28073202849342754,0.55277867509377,-6.199172066668216,-0.08532987680218872,-0.19354790453640133,1.2711115215080462,-0.28073202849342754,0.55277867509377,-6.199172066668216
866,5.533277999999999,-1.2518065652178947,-0.5282133356117509,-0.26983265713192567,1.385221522896461,-0.3224584967318354,0.5351717399778236,-6.208166398628395,-1.2518065652178947,-0.5282133356117509,-0.26983265713192567,-0.3224584967318354,0.5351717399778236,-6.208166398628395
867,5.566610999999999,-1.1210618896030322,-0.4631841784264277,0.9933369385753331,1.5678130044756935,-0.3598268526979731,0.5197324217583356,-6.175055498454864,-1.1210618896030322,-0.4631841784264277,0.9933369385753331,-0.3598268526979731,0.5197324217583356,-6.175055498454864
868,5.599944,-1.8676194916181403,-0.41055792090020077,0.2962093188138383,1.9350194656483575,-0.42208021321208194,0.5060472945809689,-6.165181953230841,-1.8676194916181403,-0.41055792090020077,0.2962093188138383,-0.42208021321208194,0.5060472945809689,-6.165181953230841
869,5.633277,-1.8437826640606538,-1.0491768811984556,1.4492648601372686,2.5691779376214128,-0.4835390207532154,0.4710750815999809,-6.116873607647886,-1.8437826640606538,-1.0491768811984556,1.4492648601372686,-0.4835390207532154,0.4710750815999809,-6.116873607647886
870,5.6666099999999995,-2.0520586951689563,-0.7424811837370426,0.025544758499927527,2.182401368059711,-0.5519402932392818,0.4463259563024742,-6.116022124212808,-2.0520586951689563,-0.7424811837370426,0.025544758499927527,-0.5519402932392818,0.4463259563024742,-6.116022124212808
871,5.699942999999999,-1.0537009053029482,-1.3572614013558333,0.45928664843361855,1.778591671766187,-0.5870633055157448,0.40108436201108044,-6.10071272236057,-1.0537009053029482,-1.3572614013558333,0.45928664843361855,-0.5870633055157448,0.40108436201108044,-6.10071272236057
872,5.733275999999999,-0.3990805227615866,-1.9116909471206438,-0.6341590344830602,2.0532864442077177,-0.6003658565809568,0.33736196767070836,-6.1218511454569935,-0.3990805227615866,-1.9116909471206438,-0.6341590344830602,-0.6003658565809568,0.33736196767070836,-6.1218511454569935
873,5.766608999999999,0.3215049201397228,-3.2820496384752853,-0.6859924783897589,3.3683528502069264,-0.5896491330779394,0.22796140707141221,-6.144717332739159,0.3215049201397228,-3.2820496384752853,-0.6859924783897589,-0.5896491330779394,0.22796140707141221,-6.144717332739159
874,5.799942,-0.34758177782902555,-4.142092058295248,0.6221986565898506,4.202959776149846,-0.6012350764783145,0.08989305249225372,-6.123977584919049,-0.34758177782902555,-4.142092058295248,0.6221986565898506,-0.6012350764783145,0.08989305249225372,-6.123977584919049
875,5.8332749999999995,0.12361907110284037,-2.7557457500875424,-0.8316332054822377,2.8811508294996537,-0.5971144819812436,-0.0019642205954138693,-6.151698414557388,0.12361907110284037,-2.7557457500875424,-0.8316332054822377,-0.5971144819812436,-0.0019642205954138693,-6.151698414557388
876,5.866607999999999,-0.1477512092833474,-2.3332817471410925,0.5011623764789989,2.3910662598482206,-0.6020394730402854,-0.07973950107286752,-6.134993169062214,-0.1477512092833474,-2.3332817471410925,0.5011623764789989,-0.6020394730402854,-0.07973950107286752,-6.134993169062214
877,5.899940999999999,-0.272483390782401,-0.9681922422575736,1.828986484451719,2.0873032785216146,-0.6111221619052352,-0.11201225308403907,-6.074027562575985,-0.272483390782401,-0.9681922422575736,1.828986484451719,-0.6111221619052352,-0.11201225308403907,-6.074027562575985
878,5.933273999999999,-0.5180629097174487,-0.929396206866261,1.6789711585920417,1.987740083397778,-0.6283907528748468,-0.142991816847512,-6.018062416946637,-0.5180629097174487,-0.929396206866261,1.6789711585920417,-0.6283907528748468,-0.142991816847512,-6.018062416946637
879,5.966607,-0.0401231235313437,-0.18928669603431442,0.13340195786808845,0.23502212810826487,-0.6297281769515171,-0.14930131028642393,-6.01361572948502,-0.0401231235313437,-0.18928669603431442,0.13340195786808845,-0.6297281769515171,-0.14930131028642393,-6.01361572948502
880,5.99994,0.1543231091624613,-0.0482572575448066,0.013158702817956263,0.16222680539037324,-0.6245841247538048,-0.15090986945216497,-6.013177110443989,0.1543231091624613,-0.0482572575448066,0.013158702817956263,-0.6245841247538048,-0.15090986945216497,-6.013177110443989
881,6.033272999999999,0.30019510353213796,1.240279040245664,-2.362652556867673,2.685244179275086,-0.614577721367768,-0.10956764820365647,-6.091931408122059,0.30019510353213796,1.240279040245664,-2.362652556867673,-0.614577721367768,-0.10956764820365647,-6.091931408122059
882,6.066605999999999,0.4638470940807244,1.488298332491484,-2.1018569936864466,2.616866231791891,-0.5991163061807753,-0.05995819988671807,-6.161992607292609,0.4638470940807244,1.488298332491484,-2.1018569936864466,-0.5991163061807753,-0.05995819988671807,-6.161992607292609
883,6.099938999999999,1.1329810540824197,0.9555082689653847,-2.456755056651175,2.8691963211589506,-0.5613506487050461,-0.028108242757295062,-6.243883623595962,1.1329810540824197,0.9555082689653847,-2.456755056651175,-0.5613506487050461,-0.028108242757295062,-6.243883623595962
884,6.133271999999999,0.29417907389638825,1.482207387217726,-0.9514800899241663,1.7857195826230483,-0.5515447776348579,0.02129817608083315,-6.275599309433404,0.29417907389638825,1.482207387217726,-0.9514800899241663,-0.5515447776348579,0.02129817608083315,-6.275599309433404
885,6.166605,1.2695192690951644,0.44140067692312407,-4.601001196268027,4.793300088691707,-0.5092278918381078,0.03601138484471197,-6.42896448230861,1.2695192690951644,0.44140067692312407,-4.601001196268027,-0.5092278918381078,0.03601138484471197,-6.42896448230861
886,6.1999379999999995,0.6963906267656855,1.4720110608640258,-1.9380188731034256,2.531342256759882,-0.48601510307612733,0.08507792953649229,-6.493564465405766,0.6963906267656855,1.4720110608640258,-1.9380188731034256,-0.48601510307612733,0.08507792953649229,-6.493564465405766
887,6.233270999999999,-0.7393162894975385,0.7332445991284647,-0.912250193615185,1.384354229891473,-0.5106587329539487,0.1095191717592413,-6.52397250110954,-0.7393162894975385,0.7332445991284647,-0.912250193615185,-0.5106587329539487,0.1095191717592413,-6.52397250110954
888,6.266603999999999,-1.8086928777489473,-0.05400898648837611,-0.9537921385156747,2.0454843778761975,-0.5709478926479541,0.10771889021262426,-6.555765254462683,-1.8086928777489473,-0.05400898648837611,-0.9537921385156747,-0.5709478926479541,0.10771889021262426,-6.555765254462683
889,6.299936999999999,0.6655105703605654,-1.1836866588693706,-2.3670209688816835,2.728883781470468,-0.5487644288061255,0.06826306281253174,-6.634665164418416,0.6655105703605654,-1.1836866588693706,-2.3670209688816835,-0.5487644288061255,0.06826306281253174,-6.634665164418416
890,6.33327,-0.5967942128521095,-0.6371823403465872,-0.9314907179695955,1.2766517242407327,-0.5686573703031254,0.04702386386175849,-6.665714544520497,-0.5967942128521095,-0.6371823403465872,-0.9314907179695955,-0.5686573703031254,0.04702386386175849,-6.665714544520497
891,6.366603,-1.0025872768703334,0.41419758160597203,1.7961406290143695,2.0982997983001956,-0.602076612003044,0.06083031184943029,-6.605843788933561,-1.0025872768703334,0.41419758160597203,1.7961406290143695,-0.602076612003044,0.06083031184943029,-6.605843788933561
892,6.399935999999999,-1.8413413594677455,-0.4855883888246267,0.09022806238735626,1.906429959030753,-0.663454043538182,0.04464419408473908,-6.602836216930004,-1.8413413594677455,-0.4855883888246267,0.09022806238735626,-0.663454043538182,0.04464419408473908,-6.602836216930004
893,6.433268999999999,-0.9319765957180062,0.831149275602034,-0.12020503333908429,1.2545272987623506,-0.6945196194032502,0.07234889288838153,-6.606843011306295,-0.9319765957180062,0.831149275602034,-0.12020503333908429,-0.6945196194032502,0.07234889288838153,-6.606843011306295
894,6.466601999999999,-0.7046033531769441,0.06741075640807467,-1.5889927176780585,1.7395137114209833,-0.7180061629746972,0.07459589563173187,-6.659808905564658,-0.7046033531769441,0.06741075640807467,-1.5889927176780585,-0.7180061629746972,0.07459589563173187,-6.659808905564658
895,6.499934999999999,-0.5260154040205577,0.5940680113269213,-0.774743807624175,1.1089801507695431,-0.7355398344369144,0.09439796465329205,-6.685633440904194,-0.5260154040205577,0.5940680113269213,-0.774743807624175,-0.7355398344369144,0.09439796465329205,-6.685633440904194
896,6.533268,-0.9008471287039709,0.01982579995008406,1.9326347506772208,2.132368563631309,-0.7655677717780045,0.09505881804302821,-6.621212926759869,-0.9008471287039709,0.01982579995008406,1.9326347506772208,-0.7655677717780045,0.09505881804302821,-6.621212926759869
897,6.5666009999999995,-0.5431973712168453,0.15789059613777304,-0.3771283111400059,0.6798665953765824,-0.7836741697527755,0.10032178528408857,-6.633783744755099,-0.5431973712168453,0.15789059613777304,-0.3771283111400059,-0.7836741697527755,0.10032178528408857,-6.633783744755099
898,6.599933999999999,0.0015867621974534872,-0.37768134810183157,-1.7487373669373636,1.7890578797348373,-0.7836212782084477,0.08773253290781027,-6.692074407407222,0.0015867621974534872,-0.37768134810183157,-1.7487373669373636,-0.7836212782084477,0.08773253290781027,-6.692074407407222
899,6.633266999999999,-1.4158877812274555,-0.12611689917238747,0.025138167043112242,1.4217157271157805,-0.8308170656201023,0.0835286783076971,-6.691236476885174,-1.4158877812274555,-0.12611689917238747,0.025138167043112242,-0.8308170656201023,0.0835286783076971,-6.691236476885174
900,6.666599999999999,-1.0886450825256793,-0.7076679052998531,0.6881195289683807,1.4695068785298322,-0.8671048721559306,0.05993998402033722,-6.668299388626071,-1.0886450825256793,-0.7076679052998531,0.6881195289683807,-0.8671048721559306,0.05993998402033722,-6.668299388626071
901,6.699933,-0.32732857756604333,0.7883135528153624,-1.7324514972845653,1.9313131402461179,-0.8780157156319397,0.08621683967633226,-6.726047194385059,-0.32732857756604333,0.7883135528153624,-1.7324514972845653,-0.8780157156319397,0.08621683967633226,-6.726047194385059
902,6.7332659999999995,-0.31588811082996904,-0.7434238327329755,-1.1745685489205457,1.4255088809798522,-0.888545214030235,0.06143629305984411,-6.765199087826227,-0.31588811082996904,-0.7434238327329755,-1.1745685489205457,-0.888545214030235,0.06143629305984411,-6.765199087826227
903,6.766598999999999,1.3916574109341373,-0.9392637979530201,-0.7246677505075204,1.8286799009609822,-0.8421570975515676,0.030127812882676245,-6.789354437953894,1.3916574109341373,-0.9392637979530201,-0.7246677505075204,-0.8421570975515676,0.030127812882676245,-6.789354437953894
904,6.799931999999999,-0.39089016871880555,-1.1122129496109203,-3.501994364614333,3.6951017982017476,-0.8551866395454715,-0.006945581366704377,-6.9060864161095825,-0.39089016871880555,-1.1122129496109203,-3.501994364614333,-0.8551866395454715,-0.006945581366704377,-6.9060864161095825
905,6.833264999999999,0.5384581025405646,-0.2506335231617207,1.3517744816219295,1.4764987437476127,-0.8372382156134869,-0.015299948594253973,-6.861027717313679,0.5384581025405646,-0.2506335231617207,1.3517744816219295,-0.8372382156134869,-0.015299948594253973,-6.861027717313679
906,6.866598,1.0256725832889015,-0.21949431688882642,0.9473637482635945,1.4133931069525805,-0.8030494713947172,-0.02261635265910938,-6.829449241492807,1.0256725832889015,-0.21949431688882642,0.9473637482635945,-0.8030494713947172,-0.02261635265910938,-6.829449241492807
907,6.899931,1.2627749233629806,-0.03428780711846545,-0.48441800681661595,1.3529364235319994,-0.7609573948742592,-0.023759268133789185,-6.845596346914026,1.2627749233629806,-0.03428780711846545,-0.48441800681661595,-0.7609573948742592,-0.023759268133789185,-6.845596346914026
908,6.933263999999999,2.3689919335699936,0.33903504175085836,-2.524419043381492,3.4784707915177084,-0.681991786752571,-0.01245821308710788,-6.929742806887061,2.3689919335699936,0.33903504175085836,-2.524419043381492,-0.681991786752571,-0.01245821308710788,-6.929742806887061
909,6.966596999999999,1.9763935153171193,0.008906410216358535,-2.8470907228675046,3.4658528872080985,-0.6161126617065058,-0.012161335715366001,-7.024644881952403,1.9763935153171193,0.008906410216358535,-2.8470907228675046,-0.6161126617065058,-0.012161335715366001,-7.024644881952403
910,6.999929999999999,2.4911269370950504,-0.0178748172659719,-3.899613466550215,4.6274202439710015,-0.5330759275123169,-0.01275715699929264,-7.15463069763292,2.4911269370950504,-0.0178748172659719,-3.899613466550215,-0.5330759275123169,-0.01275715699929264,-7.15463069763292
911,7.033262999999999,1.684183512557376,0.5053814276028812,-4.5640378528357815,4.891045492883284,-0.4769370384882422,0.004088722126994117,-7.306763771381495,1.684183512557376,0.5053814276028812,-4.5640378528357815,-0.4769370384882422,0.004088722126994117,-7.306763771381495
912,7.066596,2.1040850540342584,-0.13756809520566504,-2.9783683799738925,3.6492159571964455,-0.40680157138211676,-0.0004968351904964157,-7.406041724591167,2.1040850540342584,-0.13756809520566504,-2.9783683799738925,-0.40680157138211676,-0.0004968351904964157,-7.406041724591167
913,7.0999289999999995,0.6823163689842334,0.5191478334902867,-2.9854727409544206,3.1061419135936768,-0.3840579198547654,0.016807919543235225,-7.5055564874654,0.6823163689842334,0.5191478334902867,-2.9854727409544206,-0.3840579198547654,0.016807919543235225,-7.5055564874654
914,7.133261999999999,0.7480270650807471,0.21636873746710453,-3.0552952094601413,3.1529650707859918,-0.35912393369442897,0.02402013866922618,-7.607398642682334,0.7480270650807471,0.21636873746710453,-3.0552952094601413,-0.35912393369442897,0.02402013866922618,-7.607398642682334
915,7.166594999999999,0.9006023024667594,-0.09536371802978513,0.7683783707858286,1.187680119651911,-0.32910415714630464,0.02084137985613937,-7.58178628644893,0.9006023024667594,-0.09536371802978513,0.7683783707858286,-0.32910415714630464,0.02084137985613937,-7.58178628644893
916,7.199927999999999,-0.26099125998728956,1.0841779960955062,0.9160784788334603,1.4431764079242866,-0.3378037788154609,0.05698028499999071,-7.551250642513974,-0.26099125998728956,1.0841779960955062,0.9160784788334603,-0.3378037788154609,0.05698028499999071,-7.551250642513974
917,7.233261,0.8389348988005011,0.8978732986343667,-2.8384856436623553,3.0930549581446596,-0.3098395618337432,0.0869090956633707,-7.645865884474174,0.8389348988005011,0.8978732986343667,-2.8384856436623553,-0.3098395618337432,0.0869090956633707,-7.645865884474174
918,7.2665939999999996,-0.01750976366115296,0.6625088530270179,-0.6545696181269186,0.9314966221825306,-0.31042321478586044,0.10899250326132018,-7.667684653555198,-0.01750976366115296,0.6625088530270179,-0.6545696181269186,-0.31042321478586044,0.10899250326132018,-7.667684653555198
919,7.299926999999999,0.03722692419550405,0.18981464921981472,0.4018002865236605,0.4459359989886383,-0.3091823297216517,0.11531959496376423,-7.654291444604505,0.03722692419550405,0.18981464921981472,0.4018002865236605,-0.3091823297216517,0.11531959496376423,-7.654291444604505
920,7.333259999999999,-0.19349999840421964,0.1033095474531192,0.7455359760691093,0.7771351256961178,-0.31563226516845955,0.11876321210901904,-7.629440493914194,-0.19349999840421964,0.1033095474531192,0.7455359760691093,-0.31563226516845955,0.11876321210901904,-7.629440493914194
921,7.366592999999999,0.24809711681618296,-0.03574949792381301,-1.603477382002194,1.622950991424854,-0.3073624439736258,0.11757157409472459,-7.682889205488473,0.24809711681618296,-0.03574949792381301,-1.603477382002194,-0.3073624439736258,0.11757157409472459,-7.682889205488473
922,7.399925999999999,0.016715693909744665,0.06883168862401763,-2.1400909236586285,2.1412627996833455,-0.30680525974853223,0.11986594077162896,-7.754224856246785,0.016715693909744665,0.06883168862401763,-2.1400909236586285,-0.30680525974853223,0.11986594077162896,-7.754224856246785
923,7.433259,-0.39413223852161094,-0.2802386284965736,1.54185420073682,1.6159171657834057,-0.3199428696551734,0.11052474656795247,-7.702830230173624,-0.39413223852161094,-0.2802386284965736,1.54185420073682,-0.3199428696551734,0.11052474656795247,-7.702830230173624
924,7.4665919999999995,-0.06558939575755396,-0.05112650303075264,-0.3802000990527578,0.3891889046051049,-0.32212916098395994,0.1088205468424284,-7.7155034400753495,-0.06558939575755396,-0.05112650303075264,-0.3802000990527578,-0.32212916098395994,0.1088205468424284,-7.7155034400753495
925,7.499924999999999,0.3185562904425528,1.0018030908372908,0.5520285328837687,1.1873596944942486,-0.3115107241546384,0.14221364926930766,-7.697102672988735,0.3185562904425528,1.0018030908372908,0.5520285328837687,-0.3115107241546384,0.14221364926930766,-7.697102672988735
926,7.533257999999999,-0.3930340726323441,0.2591143117817656,-1.4888956255428087,1.561546090443896,-0.32461172889769224,0.15085070662392921,-7.746732030874953,-0.3930340726323441,0.2591143117817656,-1.4888956255428087,-0.32461172889769224,0.15085070662392921,-7.746732030874953
927,7.566590999999999,0.07924934300160201,0.37605436660813524,-0.6154585633629169,0.7255939554792177,-0.32197011054741986,0.16338572682607813,-7.767247111167529,0.07924934300160201,0.37605436660813524,-0.6154585633629169,-0.32197011054741986,0.16338572682607813,-7.767247111167529
928,7.599924,-0.6015892524021448,-0.17737075501358845,-0.6502178249588997,0.9034119952901578,-0.342022885097741,0.15747342744921006,-7.788920821926884,-0.6015892524021448,-0.17737075501358845,-0.6502178249588997,-0.342022885097741,0.15747342744921006,-7.788920821926884
929,7.6332569999999995,0.5555149887864083,-0.6347274884201786,-0.14473875630763258,0.8558184357093691,-0.32350590397652373,0.13631605607770036,-7.793745398890886,0.5555149887864083,-0.6347274884201786,-0.14473875630763258,-0.32350590397652373,0.13631605607770036,-7.793745398890886
930,7.666589999999999,-0.6054373742619675,0.9828233694111491,0.29979908443154535,1.192633925661979,-0.3436869479727978,0.16907650745028202,-7.783752196009529,-0.6054373742619675,0.9828233694111491,0.29979908443154535,-0.3436869479727978,0.16907650745028202,-7.783752196009529
931,7.699922999999999,0.3908113581145671,-0.9529398579723471,0.32265585306244005,1.0793214025762488,-0.33066003297276503,0.13731216316448994,-7.772997108459399,0.3908113581145671,-0.9529398579723471,0.32265585306244005,-0.33066003297276503,0.13731216316448994,-7.772997108459399
932,7.733255999999999,0.426555138420436,1.0029849634205126,2.745138861035069,2.9535936567722785,-0.3164416705437967,0.1707446609501857,-7.681493394804518,0.426555138420436,1.0029849634205126,2.745138861035069,-0.3164416705437967,0.1707446609501857,-7.681493394804518
933,7.766588999999999,-0.8119970891958108,0.8578411654256504,-0.4910464040234895,1.279201824914938,-0.34350796951796053,0.19933908051731877,-7.697861444589832,-0.8119970891958108,0.8578411654256504,-0.4910464040234895,-0.34350796951796053,0.19933908051731877,-7.697861444589832
934,7.799922,0.5448115566594733,-0.009068573460361223,0.5060876881909895,0.7436575955591556,-0.3253477658998299,0.19903679775816455,-7.680992023679361,0.5448115566594733,-0.009068573460361223,0.5060876881909895,-0.3253477658998299,0.19903679775816455,-7.680992023679361
935,7.833254999999999,0.3706873455325552,-0.5565968595649051,-4.8008264856085034,4.847178985465214,-0.3129916446111933,0.18048375463828764,-7.841017972924149,0.3706873455325552,-0.5565968595649051,-4.8008264856085034,-0.3129916446111933,0.18048375463828764,-7.841017972924149
936,7.866587999999999,0.4640172771657227,0.2663287221111155,-1.9542208326515182,2.0261347646439574,-0.2975245567114283,0.1893612899324174,-7.906158015938922,0.4640172771657227,0.2663287221111155,-1.9542208326515182,-0.2975245567114283,0.1893612899324174,-7.906158015938922
937,7.899920999999999,0.44564804487991905,0.497235078309355,-1.9232453235866243,2.0358579217873785,-0.28266977043144603,0.20593562679770305,-7.9702655523100345,0.44564804487991905,0.497235078309355,-1.9232453235866243,-0.28266977043144603,0.20593562679770305,-7.9702655523100345
938,7.933253999999999,1.2378432228163094,0.2649947559334549,-1.3176976620056822,1.8272397744685125,-0.24140874228531017,0.21476869699723286,-8.014188368477669,1.2378432228163094,0.2649947559334549,-1.3176976620056822,-0.24140874228531017,0.21476869699723286,-8.014188368477669
939,7.966587,0.3026528066651591,0.4734511535936235,-1.8986814299098909,1.9800873436558548,-0.23132041628074024,0.23055024429996945,-8.077477116580857,0.3026528066651591,0.4734511535936235,-1.8986814299098909,-0.23132041628074024,0.23055024429996945,-8.077477116580857
940,7.999919999999999,-0.03377512576249912,0.7991904368204847,-0.5599998404088423,0.9764455615565666,-0.23244624254778157,0.25718965913050584,-8.096143591261205,-0.03377512576249912,0.7991904368204847,-0.5599998404088423,-0.23244624254778157,0.25718965913050584,-8.096143591261205
941,8.033253,-0.23228018822659433,0.4158447099428144,-0.3328485865942056,0.5810930134047095,-0.24018883806193903,0.27105101084703037,-8.10723843319815,-0.23228018822659433,0.4158447099428144,-0.3328485865942056,-0.24018883806193903,0.27105101084703037,-8.10723843319815
942,8.066586000000001,-0.4211726810364845,1.0068600433567423,0.898892012726131,1.413916696521629,-0.25422778703892845,0.3046126766722414,-8.077275665737949,-0.4211726810364845,1.0068600433567423,0.898892012726131,-0.25422778703892845,0.3046126766722414,-8.077275665737949
943,8.099919,-1.0573003216846972,0.7307807223413644,0.3232474284607892,1.3252974512866322,-0.28947077866164334,0.3289717904900453,-8.066500859205066,-1.0573003216846972,0.7307807223413644,0.3232474284607892,-0.28947077866164334,0.3289717904900453,-8.066500859205066
944,8.133252,-0.6897388975075541,0.5275913935919513,-0.013853327822932622,0.8684954461705617,-0.3124618453322631,0.34655799441264623,-8.066962632181388,-0.6897388975075541,0.5275913935919513,-0.013853327822932622,-0.3124618453322631,0.34655799441264623,-8.066962632181388
945,8.166585,-0.10711511726720978,0.3024478043495441,-1.608140305517072,1.639836444567436,-0.3160323135361309,0.35663948707502924,-8.120566772985187,-0.10711511726720978,0.3024478043495441,-1.608140305517072,-0.3160323135361309,0.35663948707502924,-8.120566772985187
946,8.199918,0.395682463392476,-0.7102284139809881,-1.2875555749958447,1.5227568323817064,-0.30284302998386925,0.33296544335180045,-8.163484862966525,0.395682463392476,-0.7102284139809881,-1.2875555749958447,-0.30284302998386925,0.33296544335180045,-8.163484862966525
947,8.233251000000001,0.2485181923192265,-0.5377468464419439,0.20504949619336965,0.6268797800703308,-0.2945591730792923,0.31504072771935077,-8.156649948109912,0.2485181923192265,-0.5377468464419439,0.20504949619336965,-0.2945591730792923,0.31504072771935077,-8.156649948109912
948,8.266584,1.008497335183457,-0.2448693783548863,-0.40750562158520914,1.1149388858370624,-0.2609429314056232,0.3068784967306476,-8.170233332994211,1.008497335183457,-0.2448693783548863,-0.40750562158520914,-0.2609429314056232,0.3068784967306476,-8.170233332994211
949,8.299917,0.6843020126217446,-1.420020467535527,-0.7975618174638547,1.766587734977868,-0.23813309241890207,0.25954495448628484,-8.196818461055734,0.6843020126217446,-1.420020467535527,-0.7975618174638547,-0.23813309241890207,0.25954495448628484,-8.196818461055734
950,8.33325,1.567907127270301,-1.54209008433162,-1.185548551073394,2.4983794657519773,-0.18587004414560276,0.20814246570526057,-8.236336350908662,1.567907127270301,-1.54209008433162,-1.185548551073394,-0.18587004414560276,0.20814246570526057,-8.236336350908662
951,8.366583,2.0527286591770415,-1.0805878662040416,-1.7140353337306182,2.88431659324548,-0.11744643974925296,0.17212323036108046,-8.293470290687905,2.0527286591770415,-1.0805878662040416,-1.7140353337306182,-0.11744643974925296,0.17212323036108046,-8.293470290687905
952,8.399916,1.8365275801981737,-0.7680034243554785,-1.885043356572306,2.7415417685688626,-0.05622946591850917,0.1465233722170401,-8.356304440892528,1.8365275801981737,-0.7680034243554785,-1.885043356572306,-0.05622946591850917,0.1465233722170401,-8.356304440892528
953,8.433249,1.7458103020237399,-0.5141471727486606,-1.8344945072543857,2.5840996542401715,0.001963628878849412,0.1293853045078086,-8.417453646302839,1.7458103020237399,-0.5141471727486606,-1.8344945072543857,0.001963628878849412,0.1293853045078086,-8.417453646302839
954,8.466582,1.2152477950929417,-0.9180634661445901,-1.9049131518774767,2.438926371898803,0.04247148363268331,0.09878349499081032,-8.480950116394371,1.2152477950929417,-0.9180634661445901,-1.9049131518774767,0.04247148363268331,0.09878349499081032,-8.480950116394371
955,8.499915,1.0451426410358253,-0.42636602638131527,0.0030158525914546646,1.1287693404457733,0.07730922328632937,0.08457143623344239,-8.480849588979941,1.0451426410358253,-0.42636602638131527,0.0030158525914546646,0.07730922328632937,0.08457143623344239,-8.480849588979941
956,8.533248,1.1900819541817003,-0.19915580965448812,-0.6579719492760997,1.3743671926462226,0.11697822506506884,0.07793297563022919,-8.502781767965162,1.1900819541817003,-0.19915580965448812,-0.6579719492760997,0.11697822506506884,0.07793297563022919,-8.502781767965162
957,8.566581,1.4653483328135133,0.6910675994801712,0.23868770017969512,1.6376177764508117,0.16582268104274012,0.10096833192370101,-8.494825590855072,1.4653483328135133,0.6910675994801712,0.23868770017969512,0.16582268104274012,0.10096833192370101,-8.494825590855072
958,8.599914,0.9038548322896166,-0.3494531391221725,-2.2268165875579857,2.4285351899692587,0.19595087416745055,0.08932001043734138,-8.569052068168144,0.9038548322896166,-0.3494531391221725,-2.2268165875579857,0.19595087416745055,0.08932001043734138,-8.569052068168144
959,8.633247,0.4581284867398761,0.6758117232503829,-3.1045761176006557,3.2101395710500786,0.21122167101595118,0.11184684260844688,-8.672536903896129,0.4581284867398761,0.6758117232503829,-3.1045761176006557,0.21122167101595118,0.11184684260844688,-8.672536903896129
960,8.66658,-0.8296440021320027,0.7442216753051246,0.2568828906122395,1.1437499253581933,0.183567147492886,0.1366539837113918,-8.66397422650335,-0.8296440021320027,0.7442216753051246,0.2568828906122395,0.183567147492886,0.1366539837113918,-8.66397422650335
961,8.699913,1.2207348071322648,0.634911018690822,-2.6189047935591305,2.95837248985422,0.2242579008190267,0.15781747269741345,-8.75127017998706,1.2207348071322648,0.634911018690822,-2.6189047935591305,0.2242579008190267,0.15781747269741345,-8.75127017998706
962,8.733246,0.5402431306411358,1.3753558905577101,-1.944368660749168,2.4421375790074236,0.24226582509268707,0.20366221059737216,-8.81608182055581,0.5402431306411358,1.3753558905577101,-1.944368660749168,0.24226582509268707,0.20366221059737216,-8.81608182055581
963,8.766579,0.2771011500114806,0.2607392270041707,-2.050648322712709,2.0856482290359666,0.25150243772601993,0.21235343125110237,-8.884436081096794,0.2771011500114806,0.2607392270041707,-2.050648322712709,0.25150243772601993,0.21235343125110237,-8.884436081096794
964,8.799912,0.26979926132639465,0.3955669098531971,-3.473590237903159,3.5064360770502008,0.26049565650381284,0.22553886305723927,-9.000221264496822,0.26979926132639465,0.3955669098531971,-3.473590237903159,0.26049565650381284,0.22553886305723927,-9.000221264496822
965,8.833245,0.11109837874828798,0.5605562699802105,-3.6396368970828283,3.6842262314061744,0.2641988987626294,0.24422388520448904,-9.12154128118728,0.11109837874828798,0.5605562699802105,-3.6396368970828283,0.2641988987626294,0.24422388520448904,-9.12154128118728
966,8.866578,-0.11968031712208947,-0.12536151804867895,0.367412968784033,0.4062402960620844,0.26020959475199873,0.24004520972337234,-9.109294304698802,-0.11968031712208947,-0.12536151804867895,0.367412968784033,0.26020959475199873,0.24004520972337234,-9.109294304698802
967,8.899911,1.4142695070792717,0.1707307635805793,-1.6516340552469437,2.181101163343534,0.3073514402314706,0.2457361782658036,-9.164348222662346,1.4142695070792717,0.1707307635805793,-1.6516340552469437,0.3073514402314706,0.2457361782658036,-9.164348222662346
968,8.933244,1.1508534406843456,-0.8220197903109961,-2.452449672158389,2.8310227077979646,0.34571283796980273,0.21833579259536656,-9.246095727584404,1.1508534406843456,-0.8220197903109961,-2.452449672158389,0.34571283796980273,0.21833579259536656,-9.246095727584404
969,8.966577000000001,-0.4372184265370833,0.36973469889801697,-1.2791831419995199,1.4014896399362125,0.3311390361580418,0.23066015931373443,-9.288734739256675,-0.4372184265370833,0.36973469889801697,-1.2791831419995199,0.3311390361580418,0.23066015931373443,-9.288734739256675
970,8.99991,1.4218947479397472,0.23072553692177128,-1.71335209522677,2.238435692581862,0.3785350537911159,0.2383509336359476,-9.345845904646866,1.4218947479397472,0.23072553692177128,-1.71335209522677,0.3785350537911159,0.2383509336359476,-9.345845904646866
971,9.033243,0.544462082426449,-1.327059181131604,0.6939565376149839,1.5934555863043076,0.3966836083846371,0.19411606995128688,-9.322714251378546,0.544462082426449,-1.327059181131604,0.6939565376149839,0.3966836083846371,0.19411606995128688,-9.322714251378546
972,9.066576,0.7643399850470926,-0.43423196875625475,1.455656573108561,1.7005025946072185,0.42216135310621106,0.1796418157367351,-9.27419285082712,0.7643399850470926,-0.43423196875625475,1.455656573108561,0.42216135310621106,0.1796418157367351,-9.27419285082712
973,9.099909,0.3970208057555033,-0.006631730206265571,-0.8301050169403308,0.920186850154785,0.4353952476244595,0.17942076027376966,-9.301862741356793,0.3970208057555033,-0.006631730206265571,-0.8301050169403308,0.4353952476244595,0.17942076027376966,-9.301862741356793
974,9.133242000000001,0.1678367793879884,-0.0639162789483653,-0.5913942267744243,0.6180627853964812,0.4409897509917995,0.17729023894758375,-9.321575685117866,0.1678367793879884,-0.0639162789483653,-0.5913942267744243,0.4409897509917995,0.17729023894758375,-9.321575685117866
975,9.166575,1.0729829666892061,0.7216346254312529,-2.019673949916951,2.398151755706801,0.47675549222044966,0.20134448591708295,-9.388897476890445,1.0729829666892061,0.7216346254312529,-2.019673949916951,0.47675549222044966,0.20134448591708295,-9.388897476890445
976,9.199908,1.1187995174201923,-0.4297960846050747,-0.7382543088248127,1.4076421629874227,0.5140484365346177,0.18701809302894168,-9.413505707766504,1.1187995174201923,-0.4297960846050747,-0.7382543088248127,0.5140484365346177,0.18701809302894168,-9.413505707766504
977,9.233241,-0.12296767277571502,0.09869057764630575,4.450341805582101,4.453134072221023,0.509949555097985,0.19030774605362588,-9.26516246436104,-0.12296767277571502,0.09869057764630575,4.450341805582101,0.509949555097985,0.19030774605362588,-9.26516246436104
978,9.266574,0.241277823737831,-0.24714233592980372,2.4473095309735164,2.471561907545574,0.5179920687966383,0.18206975057007754,-9.183586295765098,0.241277823737831,-0.24714233592980372,2.4473095309735164,0.5179920687966383,0.18206975057007754,-9.183586295765098
979,9.299907,0.1722641471617732,0.834219443038778,-0.9026093847420844,1.24108852100315,0.5237341496139815,0.20987678726488826,-9.213672974386705,0.1722641471617732,0.834219443038778,-0.9026093847420844,0.5237341496139815,0.20987678726488826,-9.213672974386705
980,9.33324,0.2722736325697548,1.2777722884949068,1.4942535596033102,1.9848497808714403,0.5328098466084293,0.2524687709572899,-9.163865020484447,0.2722736325697548,1.2777722884949068,1.4942535596033102,0.5328098466084293,0.2524687709572899,-9.163865020484447
981,9.366573,-0.8487762386159738,-0.42074679084031574,0.47253822593848827,1.058650716815796,0.5045175882466425,0.23844401817820937,-9.14811390379924,-0.8487762386159738,-0.42074679084031574,0.47253822593848827,0.5045175882466425,0.23844401817820937,-9.14811390379924
982,9.399906,0.1455633373365346,0.2702856661880271,-0.08016179920464853,0.31728369100062764,0.509369650970081,0.24745345028925458,-9.15078593705213,0.1455633373365346,0.2702856661880271,-0.08016179920464853,0.509369650970081,0.24745345028925458,-9.15078593705213
983,9.433239,-0.5098949559309128,-0.2501717928445206,-1.6843963796513315,1.7775741772993163,0.49237332240403553,0.239114473918368,-9.206931921575048,-0.5098949559309128,-0.2501717928445206,-1.6843963796513315,0.49237332240403553,0.239114473918368,-9.206931921575048
984,9.466572,-1.3561775961505935,-0.1895381785170079,1.131086601386826,1.7760910149125657,0.44716785459154923,0.23279659781386075,-9.169229411891022,-1.3561775961505935,-0.1895381785170079,1.131086601386826,0.44716785459154923,0.23279659781386075,-9.169229411891022
985,9.499905,-1.2101414815348106,-0.15391393086312258,2.811838226853193,3.0650556467114773,0.40683020858754854,0.2276661847564002,-9.075502408275323,-1.2101414815348106,-0.15391393086312258,2.811838226853193,0.40683020858754854,0.2276661847564002,-9.075502408275323
986,9.533238,-0.5843064709035357,-0.057354236132766426,3.922491958235794,3.966187933364554,0.38735352099292053,0.22575439600338665,-8.944753983831447,-0.5843064709035357,-0.057354236132766426,3.922491958235794,0.38735352099292053,0.22575439600338665,-8.944753983831447
987,9.566571,-0.6669218034494782,0.07532566768393535,-0.20848928172745676,0.7027989959608407,0.3651230165185398,0.22826522648429518,-8.951703557059268,-0.6669218034494782,0.07532566768393535,-0.20848928172745676,0.3651230165185398,0.22826522648429518,-8.951703557059268
988,9.599904,-0.820079502162904,0.34045492222677115,-0.6820919826325028,1.119682730378446,0.33778730647294314,0.2396136104068804,-8.974439729116359,-0.820079502162904,0.34045492222677115,-0.6820919826325028,0.33778730647294314,0.2396136104068804,-8.974439729116359
989,9.633237,-1.8104343506970682,0.21522169519990397,1.0674056277232706,2.1126636481853764,0.2774400982611597,0.24678759517297857,-8.93885989732746,-1.8104343506970682,0.21522169519990397,1.0674056277232706,0.2774400982611597,0.24678759517297857,-8.93885989732746
990,9.66657,-1.0242735409243138,-0.3610901925670023,0.6917712875305856,1.287660641651142,0.24329798832152877,0.23475137578414243,-8.915801085000203,-1.0242735409243138,-0.3610901925670023,0.6917712875305856,0.24329798832152877,0.23475137578414243,-8.915801085000203
991,9.699903,0.09322820354579764,0.7868280758059678,-0.8500993893917786,1.1620924621806878,0.24640556403032093,0.26097871603498335,-8.9441374479468,0.09322820354579764,0.7868280758059678,-0.8500993893917786,0.24640556403032093,0.26097871603498335,-8.9441374479468
992,9.733236,-0.3696412056571252,-0.516073537253134,0.6580608117521103,0.9143361245933912,0.23408431372215233,0.24377643681772518,-8.922202306908666,-0.3696412056571252,-0.516073537253134,0.6580608117521103,0.23408431372215233,0.24377643681772518,-8.922202306908666
993,9.766569,-0.15641523142265046,0.6105526335380351,1.1987160303788247,1.3543117678099081,0.22887052481314102,0.26412798775144897,-8.882245505468047,-0.15641523142265046,0.6105526335380351,1.1987160303788247,0.22887052481314102,0.26412798775144897,-8.882245505468047
994,9.799902,0.18065948782885136,-0.9009610185826536,-0.35058116471529677,0.9835017847473433,0.23489244752093996,0.2340962541190343,-8.893931427431502,0.18065948782885136,-0.9009610185826536,-0.35058116471529677,0.23489244752093996,0.2340962541190343,-8.893931427431502
995,9.833235,-1.4306141275424624,0.07827091424923084,-0.19512060915191295,1.4459789659802473,0.187205786807566,0.23670525850370397,-8.900435382696363,-1.4306141275424624,0.07827091424923084,-0.19512060915191295,0.187205786807566,0.23670525850370397,-8.900435382696363
996,9.866568000000001,-1.7404038952020193,-0.25143425613253034,2.557854524619139,3.1040046186669703,0.12919290376879583,0.22832420044403814,-8.815174417827231,-1.7404038952020193,-0.25143425613253034,2.557854524619139,0.12919290376879583,0.22832420044403814,-8.815174417827231
997,9.899901,-1.2650723716095058,-0.5843586958709024,0.9095827960712252,1.6640985709261302,0.08702424640593752,0.20884577203457397,-8.78485529448579,-1.2650723716095058,-0.5843586958709024,0.9095827960712252,0.08702424640593752,0.20884577203457397,-8.78485529448579
998,9.933234,-1.8457031517705538,-0.06241246770871063,3.258743574580514,3.745654165222816,0.025501423247968315,0.20676537724843946,-8.676231594914297,-1.8457031517705538,-0.06241246770871063,3.258743574580514,0.025501423247968315,0.20676537724843946,-8.676231594914297
999,9.966567,-1.1252105212189298,-0.04250672655329684,0.8385778839121772,1.4039652439610737,-0.012005219055821088,0.20534850053223846,-8.648279278309854,-1.1252105212189298,-0.04250672655329684,0.8385778839121772,-0.012005219055821088,0.20534850053223846,-8.648279278309854
1000,9.9999,-0.8412680559092955,0.04121926447055584,0.7860860575477441,1.1521120863561212,-0.040047207163446244,0.20672246227483554,-8.622076671753614,-0.8412680559092955,0.04121926447055584,0.7860860575477441,-0.040047207163446244,0.20672246227483554,-8.622076671753614
