method,mode,sequence,exposure_next,photometric_condition,radius_bin,tested_points,valid_points,valid_fraction,mean_normal_error,median_normal_error,p90_normal_error,mean_EPE,median_EPE,p90_EPE,mean_abs_It,runtime_ms,ms_per_pair,ms_per_valid_point
classical_nf,baseline,Office,0.5,synthetic_gamma_vignette_exposure,all,69,55,0.7971014492753623,2.1601364612579346,1.314237356185913,6.8154144287109375,2.192007064819336,1.3145009279251099,6.846280574798584,0.19939041137695312,13.537713999994594,4.512571333331532,0.24614025454535626
classical_nf,baseline,Office,0.5,synthetic_gamma_vignette_exposure,center,14,14,1.0,1.841970443725586,1.7799923419952393,2.385826826095581,1.8505275249481201,1.779992699623108,2.386784076690674,0.11176657676696777,0.0,0.0,0.0
classical_nf,baseline,Office,0.5,synthetic_gamma_vignette_exposure,middle,35,26,0.7428571428571429,1.2433505058288574,0.4632556140422821,2.604229211807251,1.2829153537750244,0.5778630971908569,2.6042332649230957,0.22269129753112793,0.0,0.0,0.0
classical_nf,baseline,Office,0.5,synthetic_gamma_vignette_exposure,border,20,15,0.75,4.046187400817871,3.11114764213562,9.078953742980957,4.08648157119751,3.11114764213562,9.083415985107422,0.24078437685966492,0.0,0.0,0.0
classical_nf,response,Office,0.5,synthetic_gamma_vignette_exposure,all,69,69,1.0,3.8788576126098633,1.7555394172668457,13.723586082458496,3.9093985557556152,1.7555738687515259,13.76602554321289,0.29001015424728394,39.24801800019395,13.082672666731318,0.5688118550752747
classical_nf,response,Office,0.5,synthetic_gamma_vignette_exposure,center,14,14,1.0,2.029726505279541,2.011718273162842,2.374215602874756,2.030825138092041,2.011718511581421,2.374476909637451,0.14638133347034454,0.0,0.0,0.0
classical_nf,response,Office,0.5,synthetic_gamma_vignette_exposure,middle,35,35,1.0,4.144387722015381,0.9594168663024902,14.895761489868164,4.177840709686279,1.0212717056274414,14.91235637664795,0.3386595547199249,0.0,0.0,0.0
classical_nf,response,Office,0.5,synthetic_gamma_vignette_exposure,border,20,20,1.0,4.708573341369629,3.1556215286254883,12.959834098815918,4.7546257972717285,3.157715320587158,12.9683256149292,0.30541402101516724,0.0,0.0,0.0
classical_nf,vignette,Office,0.5,synthetic_gamma_vignette_exposure,all,69,57,0.8260869565217391,2.1606709957122803,1.437865138053894,6.362573146820068,2.190916061401367,1.4386544227600098,6.423159122467041,0.2341819703578949,19.563429999948312,6.521143333316104,0.34321807017453176
classical_nf,vignette,Office,0.5,synthetic_gamma_vignette_exposure,center,14,14,1.0,1.8417556285858154,1.780542254447937,2.3838906288146973,1.8505059480667114,1.7805426120758057,2.3849406242370605,0.11329861730337143,0.0,0.0,0.0
classical_nf,vignette,Office,0.5,synthetic_gamma_vignette_exposure,middle,35,26,0.7428571428571429,1.2402892112731934,0.4602486789226532,2.6044955253601074,1.2781715393066406,0.584577202796936,2.604499340057373,0.23989123106002808,0.0,0.0,0.0
classical_nf,vignette,Office,0.5,synthetic_gamma_vignette_exposure,border,20,17,0.85,3.8309500217437744,3.1474335193634033,8.871023178100586,3.867216110229492,3.1474335193634033,8.875726699829102,0.32500118017196655,0.0,0.0,0.0
classical_nf,exposure,Office,0.5,synthetic_gamma_vignette_exposure,all,69,55,0.7971014492753623,5.500239372253418,3.4361460208892822,11.28122329711914,5.505003452301025,3.436652183532715,11.293546676635742,0.3623068928718567,15.70665899987489,5.235552999958297,0.28557561817954347
classical_nf,exposure,Office,0.5,synthetic_gamma_vignette_exposure,center,14,14,1.0,2.660179853439331,2.754112720489502,3.6894919872283936,2.6645748615264893,2.754166603088379,3.689537525177002,0.5075049996376038,0.0,0.0,0.0
classical_nf,exposure,Office,0.5,synthetic_gamma_vignette_exposure,middle,35,26,0.7428571428571429,5.052768230438232,5.601258277893066,9.027885437011719,5.055683612823486,5.60136604309082,9.043851852416992,0.33933255076408386,0.0,0.0,0.0
classical_nf,exposure,Office,0.5,synthetic_gamma_vignette_exposure,border,20,15,0.75,8.926575660705566,6.472304344177246,18.300519943237305,8.934889793395996,6.472304344177246,18.328399658203125,0.26661109924316406,0.0,0.0,0.0
classical_nf,response_exposure,Office,0.5,synthetic_gamma_vignette_exposure,all,69,69,1.0,1.8013502359390259,0.9554556608200073,3.595457077026367,1.8040298223495483,0.9681292772293091,3.595486640930176,0.1610301285982132,39.61289400001533,13.20429800000511,0.5740999130437004
classical_nf,response_exposure,Office,0.5,synthetic_gamma_vignette_exposure,center,14,14,1.0,0.6207078695297241,0.3370821475982666,1.769291877746582,0.6231438517570496,0.3371206223964691,1.7693942785263062,0.2975728511810303,0.0,0.0,0.0
classical_nf,response_exposure,Office,0.5,synthetic_gamma_vignette_exposure,middle,35,35,1.0,2.1504602432250977,1.756176233291626,4.321795463562012,2.1515486240386963,1.756177544593811,4.3219122886657715,0.14032022655010223,0.0,0.0,0.0
classical_nf,response_exposure,Office,0.5,synthetic_gamma_vignette_exposure,border,20,20,1.0,2.0168583393096924,0.9953843355178833,3.5741453170776367,2.0224928855895996,1.0061697959899902,3.5741615295410156,0.10169260203838348,0.0,0.0,0.0
classical_nf,full_photometric,Office,0.5,synthetic_gamma_vignette_exposure,all,69,69,1.0,1.8028607368469238,0.927899956703186,3.597186326980591,1.8048945665359497,0.9279228448867798,3.5972180366516113,0.17869050800800323,44.327587999873685,14.775862666624562,0.6424288115923723
classical_nf,full_photometric,Office,0.5,synthetic_gamma_vignette_exposure,center,14,14,1.0,0.6207636594772339,0.3372589349746704,1.7692691087722778,0.6232253313064575,0.33729758858680725,1.7693778276443481,0.3007926046848297,0.0,0.0,0.0
classical_nf,full_photometric,Office,0.5,synthetic_gamma_vignette_exposure,middle,35,35,1.0,2.1533803939819336,1.7543466091156006,4.326287746429443,2.154381513595581,1.7543491125106812,4.326390266418457,0.1497887820005417,0.0,0.0,0.0
classical_nf,full_photometric,Office,0.5,synthetic_gamma_vignette_exposure,border,20,20,1.0,2.016918897628784,0.9774395823478699,3.589534044265747,2.0204615592956543,0.9842182397842407,3.5895872116088867,0.14379706978797913,0.0,0.0,0.0
classical_nf,full_photometric_affine,Office,0.5,synthetic_gamma_vignette_exposure,all,69,69,1.0,1.843902826309204,0.933579683303833,3.673912525177002,1.8459138870239258,0.9395685791969299,3.673936605453491,0.17291612923145294,130.93946399999368,43.646487999997895,1.8976733913042563
classical_nf,full_photometric_affine,Office,0.5,synthetic_gamma_vignette_exposure,center,14,14,1.0,0.6366402506828308,0.3255881667137146,1.8613530397415161,0.6389188766479492,0.3256363272666931,1.8623831272125244,0.29956382513046265,0.0,0.0,0.0
classical_nf,full_photometric_affine,Office,0.5,synthetic_gamma_vignette_exposure,middle,35,35,1.0,2.197373867034912,1.7708821296691895,4.347788333892822,2.1983580589294434,1.7708845138549805,4.347877025604248,0.1432230919599533,0.0,0.0,0.0
classical_nf,full_photometric_affine,Office,0.5,synthetic_gamma_vignette_exposure,border,20,20,1.0,2.0704119205474854,1.0568931102752686,3.7012391090393066,2.0740339756011963,1.0636836290359497,3.7012791633605957,0.13622555136680603,0.0,0.0,0.0
classical_nf,baseline,Office,0.75,synthetic_gamma_vignette_exposure,all,69,55,0.7971014492753623,1.4625658988952637,1.1265039443969727,2.3404459953308105,1.4696669578552246,1.1278918981552124,2.3469183444976807,0.13592000305652618,13.483959000041068,4.494653000013689,0.2451628909098376
classical_nf,baseline,Office,0.75,synthetic_gamma_vignette_exposure,center,14,14,1.0,1.1135900020599365,0.9052048921585083,1.757753849029541,1.115054726600647,0.9052191972732544,1.7586218118667603,0.13512901961803436,0.0,0.0,0.0
classical_nf,baseline,Office,0.75,synthetic_gamma_vignette_exposure,middle,35,26,0.7428571428571429,1.4503065347671509,1.1759735345840454,2.1201186180114746,1.4535225629806519,1.1763288974761963,2.1297380924224854,0.13407033681869507,0.0,0.0,0.0
classical_nf,baseline,Office,0.75,synthetic_gamma_vignette_exposure,border,20,15,0.75,1.8095252513885498,1.187077283859253,4.456225872039795,1.828621506690979,1.187077283859253,4.457122325897217,0.13986429572105408,0.0,0.0,0.0
classical_nf,response,Office,0.75,synthetic_gamma_vignette_exposure,all,69,69,1.0,2.375845193862915,1.243666410446167,6.778739929199219,2.3918240070343018,1.2796663045883179,6.7791972160339355,0.182416170835495,37.79211500000201,12.597371666667337,0.5477118115942321
classical_nf,response,Office,0.75,synthetic_gamma_vignette_exposure,center,14,14,1.0,1.2417234182357788,1.0538530349731445,1.7099096775054932,1.2423557043075562,1.0538595914840698,1.7102394104003906,0.1614188402891159,0.0,0.0,0.0
classical_nf,response,Office,0.75,synthetic_gamma_vignette_exposure,middle,35,35,1.0,2.523446798324585,1.6208817958831787,7.195069789886475,2.5483970642089844,1.6428285837173462,7.199891567230225,0.19597400724887848,0.0,0.0,0.0
classical_nf,response,Office,0.75,synthetic_gamma_vignette_exposure,border,20,20,1.0,2.9114270210266113,1.4638811349868774,6.564097881317139,2.9224493503570557,1.4939351081848145,6.565824508666992,0.1733880341053009,0.0,0.0,0.0
classical_nf,vignette,Office,0.75,synthetic_gamma_vignette_exposure,all,69,57,0.8260869565217391,1.5615133047103882,1.153853178024292,3.6027870178222656,1.5692273378372192,1.1547231674194336,3.60286283493042,0.1562505066394806,16.793266000036056,5.597755333345352,0.29461870175501853
classical_nf,vignette,Office,0.75,synthetic_gamma_vignette_exposure,center,14,14,1.0,1.1143025159835815,0.9065684676170349,1.7566696405410767,1.1157466173171997,0.9065828323364258,1.7575960159301758,0.1367512196302414,0.0,0.0,0.0
classical_nf,vignette,Office,0.75,synthetic_gamma_vignette_exposure,middle,35,26,0.7428571428571429,1.4557335376739502,1.1885075569152832,2.142977714538574,1.4588364362716675,1.1889433860778809,2.1528708934783936,0.14471834897994995,0.0,0.0,0.0
classical_nf,vignette,Office,0.75,synthetic_gamma_vignette_exposure,border,20,17,0.85,2.091585159301758,1.2982025146484375,4.72454833984375,2.1115145683288574,1.3176261186599731,4.72533655166626,0.18994612991809845,0.0,0.0,0.0
classical_nf,exposure,Office,0.75,synthetic_gamma_vignette_exposure,all,69,55,0.7971014492753623,2.63323974609375,1.8739380836486816,5.506668567657471,2.6356966495513916,1.8740843534469604,5.507803916931152,0.18839919567108154,12.895629000126974,4.298543000042325,0.23446598182049042
classical_nf,exposure,Office,0.75,synthetic_gamma_vignette_exposure,center,14,14,1.0,1.151107907295227,1.0673410892486572,1.5455868244171143,1.1546884775161743,1.0676966905593872,1.5462180376052856,0.3031611442565918,0.0,0.0,0.0
classical_nf,exposure,Office,0.75,synthetic_gamma_vignette_exposure,middle,35,26,0.7428571428571429,2.757251262664795,3.2332329750061035,5.505101680755615,2.758136749267578,3.233275890350342,5.506303787231445,0.15402823686599731,0.0,0.0,0.0
classical_nf,exposure,Office,0.75,synthetic_gamma_vignette_exposure,border,20,15,0.75,3.8016085624694824,2.623366594314575,8.227020263671875,3.8057405948638916,2.623366594314575,8.233769416809082,0.1408642679452896,0.0,0.0,0.0
classical_nf,response_exposure,Office,0.75,synthetic_gamma_vignette_exposure,all,69,69,1.0,1.8013445138931274,0.9555240869522095,3.5954391956329346,1.80402410030365,0.9681956171989441,3.595468521118164,0.16102993488311768,37.63798099998894,12.54599366666298,0.545477985507086
classical_nf,response_exposure,Office,0.75,synthetic_gamma_vignette_exposure,center,14,14,1.0,0.6207080483436584,0.33708322048187256,1.7692885398864746,0.6231443285942078,0.3371216952800751,1.7693910598754883,0.29757165908813477,0.0,0.0,0.0
classical_nf,response_exposure,Office,0.75,synthetic_gamma_vignette_exposure,middle,35,35,1.0,2.150448799133301,1.756156086921692,4.321792125701904,2.1515374183654785,1.7561572790145874,4.321908950805664,0.14032018184661865,0.0,0.0,0.0
classical_nf,response_exposure,Office,0.75,synthetic_gamma_vignette_exposure,border,20,20,1.0,2.016857147216797,0.9954109191894531,3.574099063873291,2.022491216659546,1.0061955451965332,3.57411527633667,0.10169284045696259,0.0,0.0,0.0
classical_nf,full_photometric,Office,0.75,synthetic_gamma_vignette_exposure,all,69,69,1.0,1.8028547763824463,0.9279216527938843,3.597168207168579,1.8048887252807617,0.927944540977478,3.5971996784210205,0.1786903440952301,41.92755899998701,13.975852999995672,0.6076457826085074
classical_nf,full_photometric,Office,0.75,synthetic_gamma_vignette_exposure,center,14,14,1.0,0.6207639575004578,0.3372601866722107,1.76926589012146,0.6232260465621948,0.33729881048202515,1.7693744897842407,0.30079135298728943,0.0,0.0,0.0
classical_nf,full_photometric,Office,0.75,synthetic_gamma_vignette_exposure,middle,35,35,1.0,2.153369426727295,1.754326581954956,4.326283931732178,2.154370069503784,1.7543290853500366,4.326386451721191,0.1497887372970581,0.0,0.0,0.0
classical_nf,full_photometric,Office,0.75,synthetic_gamma_vignette_exposure,border,20,20,1.0,2.0169179439544678,0.977465808391571,3.5894885063171387,2.020460367202759,0.9842442274093628,3.5895416736602783,0.14379750192165375,0.0,0.0,0.0
classical_nf,full_photometric_affine,Office,0.75,synthetic_gamma_vignette_exposure,all,69,69,1.0,1.8438997268676758,0.9335604906082153,3.673909902572632,1.8459117412567139,0.9395498037338257,3.673933982849121,0.17291641235351562,120.30950299993037,40.10316766664346,1.7436159855062372
classical_nf,full_photometric_affine,Office,0.75,synthetic_gamma_vignette_exposure,center,14,14,1.0,0.6366410851478577,0.3255883455276489,1.8613479137420654,0.6389195322990417,0.32563650608062744,1.8623780012130737,0.2995639145374298,0.0,0.0,0.0
classical_nf,full_photometric_affine,Office,0.75,synthetic_gamma_vignette_exposure,middle,35,35,1.0,2.1973719596862793,1.7708752155303955,4.3477783203125,2.1983563899993896,1.770877718925476,4.347867012023926,0.14322321116924286,0.0,0.0,0.0
classical_nf,full_photometric_affine,Office,0.75,synthetic_gamma_vignette_exposure,border,20,20,1.0,2.070404529571533,1.0568807125091553,3.701228618621826,2.074028253555298,1.063671350479126,3.7012686729431152,0.1362263262271881,0.0,0.0,0.0
classical_nf,baseline,Office,1.0,synthetic_gamma_vignette_exposure,all,69,55,0.7971014492753623,1.3487178087234497,0.9545208215713501,3.258584499359131,1.3514353036880493,0.954676628112793,3.259145498275757,0.13498280942440033,13.150020000011864,4.383340000003955,0.23909127272748842
classical_nf,baseline,Office,1.0,synthetic_gamma_vignette_exposure,center,14,14,1.0,0.6308761239051819,0.2758866548538208,1.904637336730957,0.6331784129142761,0.2761795222759247,1.9049588441848755,0.20555098354816437,0.0,0.0,0.0
classical_nf,baseline,Office,1.0,synthetic_gamma_vignette_exposure,middle,35,26,0.7428571428571429,1.8250682353973389,1.997558355331421,3.5847322940826416,1.8259656429290771,1.9978930950164795,3.585814952850342,0.11924038827419281,0.0,0.0,0.0
classical_nf,baseline,Office,1.0,synthetic_gamma_vignette_exposure,border,20,15,0.75,1.1930299997329712,1.0027680397033691,2.367218494415283,1.1992892026901245,1.0135927200317383,2.3684282302856445,0.09640593081712723,0.0,0.0,0.0
classical_nf,response,Office,1.0,synthetic_gamma_vignette_exposure,all,69,69,1.0,1.801339864730835,0.9555498361587524,3.59543514251709,1.804019570350647,0.9682206511497498,3.5954644680023193,0.16102983057498932,37.65683100004935,12.552277000016451,0.5457511739137587
classical_nf,response,Office,1.0,synthetic_gamma_vignette_exposure,center,14,14,1.0,0.6207080483436584,0.33708328008651733,1.769286870956421,0.6231446862220764,0.33712172508239746,1.7693891525268555,0.2975706458091736,0.0,0.0,0.0
classical_nf,response,Office,1.0,synthetic_gamma_vignette_exposure,middle,35,35,1.0,2.150439977645874,1.7561486959457397,4.321792125701904,2.1515285968780518,1.7561498880386353,4.321908950805664,0.14032039046287537,0.0,0.0,0.0
classical_nf,response,Office,1.0,synthetic_gamma_vignette_exposure,border,20,20,1.0,2.016857385635376,0.9954188466072083,3.5740904808044434,2.0224905014038086,1.0062031745910645,3.5741069316864014,0.101692795753479,0.0,0.0,0.0
classical_nf,vignette,Office,1.0,synthetic_gamma_vignette_exposure,all,69,57,0.8260869565217391,1.6738839149475098,1.0271838903427124,3.471487045288086,1.6760478019714355,1.0401437282562256,3.473355770111084,0.1456322968006134,16.954461000068477,5.651487000022826,0.29744668421172765
classical_nf,vignette,Office,1.0,synthetic_gamma_vignette_exposure,center,14,14,1.0,0.6313720345497131,0.2758432626724243,1.9046356678009033,0.6337234377861023,0.27611902356147766,1.9049707651138306,0.20778138935565948,0.0,0.0,0.0
classical_nf,vignette,Office,1.0,synthetic_gamma_vignette_exposure,middle,35,26,0.7428571428571429,1.8271464109420776,2.0013179779052734,3.5922293663024902,1.82801353931427,2.001526355743408,3.593352794647217,0.12699688971042633,0.0,0.0,0.0
classical_nf,vignette,Office,1.0,synthetic_gamma_vignette_exposure,border,20,17,0.85,2.2980215549468994,1.3108445405960083,5.879400730133057,2.3020145893096924,1.312246561050415,5.879624366760254,0.12295190244913101,0.0,0.0,0.0
classical_nf,exposure,Office,1.0,synthetic_gamma_vignette_exposure,all,69,55,0.7971014492753623,1.3487178087234497,0.9545208215713501,3.258584499359131,1.3514353036880493,0.954676628112793,3.259145498275757,0.13498280942440033,13.173586000107207,4.391195333369069,0.23951974545649468
classical_nf,exposure,Office,1.0,synthetic_gamma_vignette_exposure,center,14,14,1.0,0.6308761239051819,0.2758866548538208,1.904637336730957,0.6331784129142761,0.2761795222759247,1.9049588441848755,0.20555098354816437,0.0,0.0,0.0
classical_nf,exposure,Office,1.0,synthetic_gamma_vignette_exposure,middle,35,26,0.7428571428571429,1.8250682353973389,1.997558355331421,3.5847322940826416,1.8259656429290771,1.9978930950164795,3.585814952850342,0.11924038827419281,0.0,0.0,0.0
classical_nf,exposure,Office,1.0,synthetic_gamma_vignette_exposure,border,20,15,0.75,1.1930299997329712,1.0027680397033691,2.367218494415283,1.1992892026901245,1.0135927200317383,2.3684282302856445,0.09640593081712723,0.0,0.0,0.0
classical_nf,response_exposure,Office,1.0,synthetic_gamma_vignette_exposure,all,69,69,1.0,1.801339864730835,0.9555498361587524,3.59543514251709,1.804019570350647,0.9682206511497498,3.5954644680023193,0.16102983057498932,38.01580499987267,12.671934999957557,0.5509536956503286
classical_nf,response_exposure,Office,1.0,synthetic_gamma_vignette_exposure,center,14,14,1.0,0.6207080483436584,0.33708328008651733,1.769286870956421,0.6231446862220764,0.33712172508239746,1.7693891525268555,0.2975706458091736,0.0,0.0,0.0
classical_nf,response_exposure,Office,1.0,synthetic_gamma_vignette_exposure,middle,35,35,1.0,2.150439977645874,1.7561486959457397,4.321792125701904,2.1515285968780518,1.7561498880386353,4.321908950805664,0.14032039046287537,0.0,0.0,0.0
classical_nf,response_exposure,Office,1.0,synthetic_gamma_vignette_exposure,border,20,20,1.0,2.016857385635376,0.9954188466072083,3.5740904808044434,2.0224905014038086,1.0062031745910645,3.5741069316864014,0.101692795753479,0.0,0.0,0.0
classical_nf,full_photometric,Office,1.0,synthetic_gamma_vignette_exposure,all,69,69,1.0,1.8028498888015747,0.9279133081436157,3.5971646308898926,1.8048838376998901,0.9279361963272095,3.597196102142334,0.17869026958942413,42.27869900012138,14.092899666707126,0.6127347681177011
classical_nf,full_photometric,Office,1.0,synthetic_gamma_vignette_exposure,center,14,14,1.0,0.620763897895813,0.33726048469543457,1.7692641019821167,0.6232262849807739,0.337299108505249,1.7693729400634766,0.30079030990600586,0.0,0.0,0.0
classical_nf,full_photometric,Office,1.0,synthetic_gamma_vignette_exposure,middle,35,35,1.0,2.1533596515655518,1.7543184757232666,4.326284408569336,2.154360294342041,1.7543209791183472,4.32638692855835,0.1497890055179596,0.0,0.0,0.0
classical_nf,full_photometric,Office,1.0,synthetic_gamma_vignette_exposure,border,20,20,1.0,2.0169179439544678,0.9774729609489441,3.589477777481079,2.0204598903656006,0.9842514991760254,3.5895309448242188,0.14379748702049255,0.0,0.0,0.0
classical_nf,full_photometric_affine,Office,1.0,synthetic_gamma_vignette_exposure,all,69,69,1.0,1.8439003229141235,0.9335750341415405,3.6739206314086914,1.8459123373031616,0.9395641684532166,3.6739447116851807,0.1729159653186798,118.88119700006428,39.62706566668809,1.7229158985516562
classical_nf,full_photometric_affine,Office,1.0,synthetic_gamma_vignette_exposure,center,14,14,1.0,0.6366416215896606,0.32558733224868774,1.861352562904358,0.6389204263687134,0.32563549280166626,1.8623826503753662,0.2995634973049164,0.0,0.0,0.0
classical_nf,full_photometric_affine,Office,1.0,synthetic_gamma_vignette_exposure,middle,35,35,1.0,2.197371244430542,1.770874261856079,4.347778797149658,2.1983554363250732,1.7708766460418701,4.347867488861084,0.1432228684425354,0.0,0.0,0.0
classical_nf,full_photometric_affine,Office,1.0,synthetic_gamma_vignette_exposure,border,20,20,1.0,2.0704076290130615,1.0568902492523193,3.7012553215026855,2.0740315914154053,1.0636807680130005,3.7012953758239746,0.13622568547725677,0.0,0.0,0.0
classical_nf,baseline,Office,1.25,synthetic_gamma_vignette_exposure,all,69,55,0.7971014492753623,2.025334119796753,1.5830421447753906,4.753334999084473,2.029322862625122,1.588960886001587,4.753429412841797,0.15270520746707916,13.280504999897857,4.426834999965952,0.24146372727087015
classical_nf,baseline,Office,1.25,synthetic_gamma_vignette_exposure,center,14,14,1.0,0.7863810658454895,0.6202423572540283,1.5621098279953003,0.7964646220207214,0.6206197738647461,1.5663822889328003,0.249383807182312,0.0,0.0,0.0
classical_nf,baseline,Office,1.25,synthetic_gamma_vignette_exposure,middle,35,26,0.7428571428571429,2.312448024749756,2.738736629486084,4.749172687530518,2.3131473064422607,2.7394356727600098,4.749283790588379,0.11891980469226837,0.0,0.0,0.0
classical_nf,baseline,Office,1.25,synthetic_gamma_vignette_exposure,border,20,15,0.75,2.684025764465332,1.9226824045181274,6.030329704284668,2.68802809715271,1.922987461090088,6.033205986022949,0.1210332065820694,0.0,0.0,0.0
classical_nf,response,Office,1.25,synthetic_gamma_vignette_exposure,all,69,69,1.0,3.7052764892578125,2.3467729091644287,8.05419635772705,3.7108960151672363,2.34677791595459,8.060420989990234,0.23389512300491333,36.79933099999744,12.266443666665813,0.5333236376811222
classical_nf,response,Office,1.25,synthetic_gamma_vignette_exposure,center,14,14,1.0,0.9415561556816101,0.8355844020843506,1.3154089450836182,0.9455876350402832,0.835608959197998,1.3188713788986206,0.3945213258266449,0.0,0.0,0.0
classical_nf,response,Office,1.25,synthetic_gamma_vignette_exposure,middle,35,35,1.0,4.3186540603637695,3.077080488204956,8.537749290466309,4.32411003112793,3.0784339904785156,8.541345596313477,0.19311238825321198,0.0,0.0,0.0
classical_nf,response,Office,1.25,synthetic_gamma_vignette_exposure,border,20,20,1.0,4.566470623016357,2.5542514324188232,7.590256214141846,4.573487281799316,2.5542514324188232,7.590295791625977,0.19282661378383636,0.0,0.0,0.0
classical_nf,vignette,Office,1.25,synthetic_gamma_vignette_exposure,all,69,57,0.8260869565217391,2.4992260932922363,1.6720836162567139,5.03273868560791,2.504791259765625,1.6727722883224487,5.032828330993652,0.1665053516626358,16.83265999986361,5.6108866666212025,0.29530982455901067
classical_nf,vignette,Office,1.25,synthetic_gamma_vignette_exposure,center,14,14,1.0,0.786735475063324,0.6198937892913818,1.567111611366272,0.7966567873954773,0.6203307509422302,1.5712076425552368,0.2519772946834564,0.0,0.0,0.0
classical_nf,vignette,Office,1.25,synthetic_gamma_vignette_exposure,middle,35,26,0.7428571428571429,2.3108112812042236,2.7321698665618896,4.7453813552856445,2.311516284942627,2.7329249382019043,4.745494842529297,0.12505386769771576,0.0,0.0,0.0
classical_nf,vignette,Office,1.25,synthetic_gamma_vignette_exposure,border,20,17,0.85,4.197676181793213,1.9545152187347412,10.1104097366333,4.207087993621826,1.9545152187347412,10.110963821411133,0.15951304137706757,0.0,0.0,0.0
classical_nf,exposure,Office,1.25,synthetic_gamma_vignette_exposure,all,69,55,0.7971014492753623,1.4453439712524414,1.0831540822982788,2.333624839782715,1.4516853094100952,1.0831540822982788,2.3351964950561523,0.13097628951072693,15.36111300003995,5.120371000013317,0.27929296363709
classical_nf,exposure,Office,1.25,synthetic_gamma_vignette_exposure,center,14,14,1.0,1.177456259727478,1.020761251449585,1.7465906143188477,1.1787911653518677,1.0207717418670654,1.7474336624145508,0.1257134974002838,0.0,0.0,0.0
classical_nf,exposure,Office,1.25,synthetic_gamma_vignette_exposure,middle,35,26,0.7428571428571429,1.4442250728607178,1.1586781740188599,2.2153854370117188,1.4471276998519897,1.1600995063781738,2.223930835723877,0.13182713091373444,0.0,0.0,0.0
classical_nf,exposure,Office,1.25,synthetic_gamma_vignette_exposure,border,20,15,0.75,1.6973118782043457,1.0831540822982788,4.206540107727051,1.7142863273620605,1.0831540822982788,4.207275867462158,0.1344134360551834,0.0,0.0,0.0
classical_nf,response_exposure,Office,1.25,synthetic_gamma_vignette_exposure,all,69,69,1.0,1.7994107007980347,1.0352870225906372,3.5953190326690674,1.8019680976867676,1.044184684753418,3.595348596572876,0.14953753352165222,37.24118100001306,12.413727000004352,0.5397272608697544
classical_nf,response_exposure,Office,1.25,synthetic_gamma_vignette_exposure,center,14,14,1.0,0.6663562059402466,0.33591920137405396,1.7721091508865356,0.6675595641136169,0.3359631896018982,1.7722126245498657,0.26620912551879883,0.0,0.0,0.0
classical_nf,response_exposure,Office,1.25,synthetic_gamma_vignette_exposure,middle,35,35,1.0,2.1283767223358154,1.4570484161376953,4.356510639190674,2.129718065261841,1.4570488929748535,4.356621265411377,0.13020877540111542,0.0,0.0,0.0
classical_nf,response_exposure,Office,1.25,synthetic_gamma_vignette_exposure,border,20,20,1.0,2.0168583393096924,0.9954290390014648,3.574065685272217,2.022491693496704,1.0062129497528076,3.5740818977355957,0.10169275104999542,0.0,0.0,0.0
classical_nf,full_photometric,Office,1.25,synthetic_gamma_vignette_exposure,all,69,69,1.0,1.8012080192565918,1.0455256700515747,3.5970489978790283,1.8031319379806519,1.0555423498153687,3.5970804691314697,0.16697250306606293,41.44322700005887,13.814409000019623,0.6006264782617228
classical_nf,full_photometric,Office,1.25,synthetic_gamma_vignette_exposure,center,14,14,1.0,0.6667128801345825,0.3360596299171448,1.772085189819336,0.6678963303565979,0.3361048400402069,1.7721949815750122,0.2691306173801422,0.0,0.0,0.0
classical_nf,full_photometric,Office,1.25,synthetic_gamma_vignette_exposure,middle,35,35,1.0,2.131742477416992,1.455651879310608,4.360832691192627,2.13303804397583,1.455653190612793,4.360930442810059,0.13935217261314392,0.0,0.0,0.0
classical_nf,full_photometric,Office,1.25,synthetic_gamma_vignette_exposure,border,20,20,1.0,2.0169193744659424,0.9774827361106873,3.589456558227539,2.0204615592956543,0.984261155128479,3.5895097255706787,0.14379742741584778,0.0,0.0,0.0
classical_nf,full_photometric_affine,Office,1.25,synthetic_gamma_vignette_exposure,all,69,69,1.0,1.8654409646987915,1.010739803314209,3.70170259475708,1.867429256439209,1.0107587575912476,3.701724052429199,0.17084656655788422,125.95431500005816,41.98477166668605,1.8254248550733068
classical_nf,full_photometric_affine,Office,1.25,synthetic_gamma_vignette_exposure,center,14,14,1.0,0.6478853821754456,0.28578925132751465,1.7850350141525269,0.6493116021156311,0.28604984283447266,1.7851402759552002,0.2791583836078644,0.0,0.0,0.0
classical_nf,full_photometric_affine,Office,1.25,synthetic_gamma_vignette_exposure,middle,35,35,1.0,2.2356603145599365,1.5427762269973755,4.30933141708374,2.236675977706909,1.5427777767181396,4.309422016143799,0.1402280479669571,0.0,0.0,0.0
classical_nf,full_photometric_affine,Office,1.25,synthetic_gamma_vignette_exposure,border,20,20,1.0,2.0698466300964355,0.9573058485984802,3.8990566730499268,2.07392954826355,0.9657456278800964,3.8990838527679443,0.14861062169075012,0.0,0.0,0.0
classical_nf,baseline,Office,1.5,synthetic_gamma_vignette_exposure,all,69,55,0.7971014492753623,2.6257805824279785,1.9855414628982544,5.894000053405762,2.630192518234253,1.985654354095459,5.896034240722656,0.16227778792381287,13.373400999853402,4.457800333284467,0.24315274545188004
classical_nf,baseline,Office,1.5,synthetic_gamma_vignette_exposure,center,14,14,1.0,0.8643853068351746,0.6645525097846985,1.662196397781372,0.8747952580451965,0.664709210395813,1.666024923324585,0.24740231037139893,0.0,0.0,0.0
classical_nf,baseline,Office,1.5,synthetic_gamma_vignette_exposure,middle,35,26,0.7428571428571429,2.7862040996551514,2.7688405513763428,5.893759727478027,2.7874717712402344,2.7695462703704834,5.895885467529297,0.1301824301481247,0.0,0.0,0.0
classical_nf,baseline,Office,1.5,synthetic_gamma_vignette_exposure,border,20,15,0.75,3.991683006286621,2.6303791999816895,9.3350191116333,3.9959449768066406,2.6304092407226562,9.343936920166016,0.13846023380756378,0.0,0.0,0.0
classical_nf,response,Office,1.5,synthetic_gamma_vignette_exposure,all,69,69,1.0,4.837106227874756,3.0170164108276367,11.938173294067383,4.843841552734375,3.0250449180603027,12.016449928283691,0.2701916992664337,35.51136800012955,11.83712266670985,0.5146575072482543
classical_nf,response,Office,1.5,synthetic_gamma_vignette_exposure,center,14,14,1.0,1.0173064470291138,0.9198700189590454,1.4946904182434082,1.0210422277450562,0.9201267957687378,1.4973889589309692,0.3928016126155853,0.0,0.0,0.0
classical_nf,response,Office,1.5,synthetic_gamma_vignette_exposure,middle,35,35,1.0,5.168956279754639,3.800076723098755,11.145964622497559,5.175180435180664,3.8000986576080322,11.147953987121582,0.2235260009765625,0.0,0.0,0.0
classical_nf,response,Office,1.5,synthetic_gamma_vignette_exposure,border,20,20,1.0,6.930228233337402,4.050988674163818,13.105734825134277,6.939958095550537,4.050989151000977,13.112201690673828,0.26602962613105774,0.0,0.0,0.0
classical_nf,vignette,Office,1.5,synthetic_gamma_vignette_exposure,all,69,57,0.8260869565217391,3.1566293239593506,2.3268208503723145,6.126029014587402,3.162613868713379,2.4124858379364014,6.126450061798096,0.17794568836688995,16.89367299991318,5.6312243333043925,0.2963802280686523
classical_nf,vignette,Office,1.5,synthetic_gamma_vignette_exposure,center,14,14,1.0,0.8643870949745178,0.6624160408973694,1.6670225858688354,0.8748965263366699,0.6625486016273499,1.6706808805465698,0.24990296363830566,0.0,0.0,0.0
classical_nf,vignette,Office,1.5,synthetic_gamma_vignette_exposure,middle,35,26,0.7428571428571429,2.7801976203918457,2.762134075164795,5.878572463989258,2.7815301418304443,2.7628965377807617,5.880768299102783,0.1371130347251892,0.0,0.0,0.0
classical_nf,vignette,Office,1.5,synthetic_gamma_vignette_exposure,border,20,17,0.85,5.620077610015869,2.8321523666381836,13.098980903625488,5.62945032119751,2.8321523666381836,13.10096263885498,0.18113668262958527,0.0,0.0,0.0
classical_nf,exposure,Office,1.5,synthetic_gamma_vignette_exposure,all,69,55,0.7971014492753623,1.9859477281570435,1.2635259628295898,4.493288516998291,1.9996869564056396,1.2754708528518677,4.511872291564941,0.1729661077260971,13.190022999992834,4.396674333330945,0.2398185999998697
classical_nf,exposure,Office,1.5,synthetic_gamma_vignette_exposure,center,14,14,1.0,1.867627739906311,1.8460798263549805,2.2221457958221436,1.871088981628418,1.84607994556427,2.222649574279785,0.10144228488206863,0.0,0.0,0.0
classical_nf,exposure,Office,1.5,synthetic_gamma_vignette_exposure,middle,35,26,0.7428571428571429,1.3548208475112915,1.0020488500595093,2.6085257530212402,1.367364764213562,1.002971887588501,2.608529806137085,0.19582992792129517,0.0,0.0,0.0
classical_nf,exposure,Office,1.5,synthetic_gamma_vignette_exposure,border,20,15,0.75,3.1903328895568848,2.350093126296997,7.808815002441406,3.2157371044158936,2.350093126296997,7.8121018409729,0.20009106397628784,0.0,0.0,0.0
classical_nf,response_exposure,Office,1.5,synthetic_gamma_vignette_exposure,all,69,69,1.0,2.0555644035339355,1.3797352313995361,4.231304168701172,2.058898448944092,1.3800908327102661,4.241109848022461,0.12619584798812866,35.67422200001147,11.891407333337156,0.5170177101450938
classical_nf,response_exposure,Office,1.5,synthetic_gamma_vignette_exposure,center,14,14,1.0,1.0957224369049072,0.9553581476211548,1.8176243305206299,1.0961668491363525,0.9553642272949219,1.8177411556243896,0.17952123284339905,0.0,0.0,0.0
classical_nf,response_exposure,Office,1.5,synthetic_gamma_vignette_exposure,middle,35,35,1.0,2.444277286529541,2.0501739978790283,5.500706195831299,2.4489336013793945,2.0505361557006836,5.501712322235107,0.12363818287849426,0.0,0.0,0.0
classical_nf,response_exposure,Office,1.5,synthetic_gamma_vignette_exposure,border,20,20,1.0,2.0472054481506348,1.2620043754577637,4.078850269317627,2.050248861312866,1.2625682353973389,4.079049587249756,0.09334403276443481,0.0,0.0,0.0
classical_nf,full_photometric,Office,1.5,synthetic_gamma_vignette_exposure,all,69,69,1.0,2.069033145904541,1.3789231777191162,4.459190845489502,2.0717642307281494,1.3793060779571533,4.477835178375244,0.1436758041381836,40.569719999894005,13.523239999964668,0.5879669565202029
classical_nf,full_photometric,Office,1.5,synthetic_gamma_vignette_exposure,center,14,14,1.0,1.0960962772369385,0.9555068016052246,1.8175861835479736,1.0965396165847778,0.9555130004882812,1.8177103996276855,0.18159328401088715,0.0,0.0,0.0
classical_nf,full_photometric,Office,1.5,synthetic_gamma_vignette_exposure,middle,35,35,1.0,2.4733192920684814,2.0548481941223145,5.482158184051514,2.4772348403930664,2.0551047325134277,5.482443809509277,0.13454535603523254,0.0,0.0,0.0
classical_nf,full_photometric,Office,1.5,synthetic_gamma_vignette_exposure,border,20,20,1.0,2.042588710784912,1.265821933746338,4.07381534576416,2.0448482036590576,1.2661349773406982,4.073877334594727,0.1331118643283844,0.0,0.0,0.0
classical_nf,full_photometric_affine,Office,1.5,synthetic_gamma_vignette_exposure,all,69,69,1.0,2.353147029876709,1.3621799945831299,5.056611061096191,2.3577001094818115,1.3684608936309814,5.057135581970215,0.16066233813762665,126.16844599995147,42.05614866665049,1.8285282028978473
classical_nf,full_photometric_affine,Office,1.5,synthetic_gamma_vignette_exposure,center,14,14,1.0,0.7083037495613098,0.4220253825187683,1.866150140762329,0.7092070579528809,0.42205750942230225,1.86726975440979,0.25218504667282104,0.0,0.0,0.0
classical_nf,full_photometric_affine,Office,1.5,synthetic_gamma_vignette_exposure,middle,35,35,1.0,2.5306432247161865,1.8062281608581543,4.8290886878967285,2.5352234840393066,1.806450366973877,4.829113006591797,0.10927180200815201,0.0,0.0,0.0
classical_nf,full_photometric_affine,Office,1.5,synthetic_gamma_vignette_exposure,border,20,20,1.0,3.1939187049865723,1.5147662162780762,5.977461338043213,3.200979232788086,1.516052007675171,5.977518558502197,0.18652984499931335,0.0,0.0,0.0
